-- phpMyAdmin SQL Dump
-- version 5.0.2
-- https://www.phpmyadmin.net/
--
-- Servidor: 127.0.0.1:3306
-- Tiempo de generación: 04-02-2021 a las 19:51:43
-- Versión del servidor: 5.7.31
-- Versión de PHP: 7.3.21

SET SQL_MODE = "NO_AUTO_VALUE_ON_ZERO";
START TRANSACTION;
SET time_zone = "+00:00";


/*!40101 SET @OLD_CHARACTER_SET_CLIENT=@@CHARACTER_SET_CLIENT */;
/*!40101 SET @OLD_CHARACTER_SET_RESULTS=@@CHARACTER_SET_RESULTS */;
/*!40101 SET @OLD_COLLATION_CONNECTION=@@COLLATION_CONNECTION */;
/*!40101 SET NAMES utf8mb4 */;

--
-- Base de datos: `innoworld`
--

-- --------------------------------------------------------

--
-- Estructura de tabla para la tabla `asignacion_seguimiento`
--

DROP TABLE IF EXISTS `asignacion_seguimiento`;
CREATE TABLE IF NOT EXISTS `asignacion_seguimiento` (
  `id` int(10) UNSIGNED NOT NULL AUTO_INCREMENT,
  `id_user` int(11) NOT NULL,
  `id_broker` int(11) NOT NULL,
  `hora` varchar(11) COLLATE utf8mb4_unicode_ci NOT NULL,
  `created_at` date DEFAULT NULL,
  `updated_at` date DEFAULT NULL,
  PRIMARY KEY (`id`)
) ENGINE=MyISAM AUTO_INCREMENT=128 DEFAULT CHARSET=utf8mb4 COLLATE=utf8mb4_unicode_ci;

--
-- Volcado de datos para la tabla `asignacion_seguimiento`
--

INSERT INTO `asignacion_seguimiento` (`id`, `id_user`, `id_broker`, `hora`, `created_at`, `updated_at`) VALUES
(1, 16, 9, '14:39:49', '2021-01-02', '2021-01-02'),
(2, 18, 8, '17:08:40', '2021-01-02', '2021-01-02'),
(3, 19, 8, '17:10:57', '2021-01-02', '2021-01-02'),
(4, 22, 9, '19:55:23', '2021-01-04', '2021-01-04'),
(5, 24, 8, '10:45:08', '2021-01-05', '2021-01-05'),
(6, 25, 8, '10:45:08', '2021-01-05', '2021-01-05'),
(7, 26, 8, '10:45:09', '2021-01-05', '2021-01-05'),
(8, 27, 8, '10:45:10', '2021-01-05', '2021-01-05'),
(9, 28, 8, '10:45:11', '2021-01-05', '2021-01-05'),
(10, 29, 8, '10:45:12', '2021-01-05', '2021-01-05'),
(11, 30, 8, '10:45:12', '2021-01-05', '2021-01-05'),
(12, 31, 8, '10:45:13', '2021-01-05', '2021-01-05'),
(13, 32, 8, '10:45:14', '2021-01-05', '2021-01-05'),
(14, 33, 8, '10:45:15', '2021-01-05', '2021-01-05'),
(15, 34, 8, '10:45:16', '2021-01-05', '2021-01-05'),
(16, 35, 8, '10:45:17', '2021-01-05', '2021-01-05'),
(17, 36, 8, '10:45:17', '2021-01-05', '2021-01-05'),
(18, 37, 8, '10:45:18', '2021-01-05', '2021-01-05'),
(19, 38, 8, '10:45:19', '2021-01-05', '2021-01-05'),
(20, 39, 8, '10:45:20', '2021-01-05', '2021-01-05'),
(21, 40, 8, '10:45:21', '2021-01-05', '2021-01-05'),
(22, 41, 8, '10:45:21', '2021-01-05', '2021-01-05'),
(23, 42, 8, '10:47:05', '2021-01-05', '2021-01-05'),
(24, 43, 8, '10:47:06', '2021-01-05', '2021-01-05'),
(25, 44, 8, '10:47:06', '2021-01-05', '2021-01-05'),
(26, 45, 8, '10:47:06', '2021-01-05', '2021-01-05'),
(27, 46, 8, '10:47:07', '2021-01-05', '2021-01-05'),
(28, 47, 8, '10:47:07', '2021-01-05', '2021-01-05'),
(29, 48, 8, '10:47:07', '2021-01-05', '2021-01-05'),
(30, 49, 8, '10:47:07', '2021-01-05', '2021-01-05'),
(31, 50, 8, '10:47:08', '2021-01-05', '2021-01-05'),
(32, 51, 8, '10:47:08', '2021-01-05', '2021-01-05'),
(33, 52, 8, '10:47:08', '2021-01-05', '2021-01-05'),
(34, 53, 8, '10:47:09', '2021-01-05', '2021-01-05'),
(35, 54, 8, '10:47:09', '2021-01-05', '2021-01-05'),
(36, 55, 8, '10:47:09', '2021-01-05', '2021-01-05'),
(37, 56, 8, '10:47:10', '2021-01-05', '2021-01-05'),
(38, 57, 8, '10:47:10', '2021-01-05', '2021-01-05'),
(39, 58, 8, '10:47:10', '2021-01-05', '2021-01-05'),
(40, 59, 8, '10:47:11', '2021-01-05', '2021-01-05'),
(41, 60, 8, '10:47:11', '2021-01-05', '2021-01-05'),
(42, 61, 8, '10:47:11', '2021-01-05', '2021-01-05'),
(43, 62, 8, '10:47:12', '2021-01-05', '2021-01-05'),
(44, 63, 8, '10:47:12', '2021-01-05', '2021-01-05'),
(45, 64, 8, '10:47:12', '2021-01-05', '2021-01-05'),
(46, 65, 8, '10:47:13', '2021-01-05', '2021-01-05'),
(47, 66, 8, '10:47:13', '2021-01-05', '2021-01-05'),
(48, 67, 8, '10:47:13', '2021-01-05', '2021-01-05'),
(49, 68, 8, '10:47:14', '2021-01-05', '2021-01-05'),
(50, 69, 8, '10:47:14', '2021-01-05', '2021-01-05'),
(51, 70, 8, '10:47:14', '2021-01-05', '2021-01-05'),
(52, 71, 8, '10:47:15', '2021-01-05', '2021-01-05'),
(53, 72, 8, '10:47:15', '2021-01-05', '2021-01-05'),
(54, 73, 8, '10:47:15', '2021-01-05', '2021-01-05'),
(55, 74, 8, '10:47:16', '2021-01-05', '2021-01-05'),
(56, 75, 8, '10:47:16', '2021-01-05', '2021-01-05'),
(57, 76, 8, '10:47:16', '2021-01-05', '2021-01-05'),
(58, 77, 8, '10:47:17', '2021-01-05', '2021-01-05'),
(59, 78, 8, '10:47:17', '2021-01-05', '2021-01-05'),
(60, 79, 8, '10:47:17', '2021-01-05', '2021-01-05'),
(61, 80, 8, '10:47:18', '2021-01-05', '2021-01-05'),
(62, 81, 8, '10:47:18', '2021-01-05', '2021-01-05'),
(63, 82, 8, '10:47:18', '2021-01-05', '2021-01-05'),
(64, 83, 8, '10:47:19', '2021-01-05', '2021-01-05'),
(65, 84, 8, '10:47:19', '2021-01-05', '2021-01-05'),
(66, 85, 8, '10:47:19', '2021-01-05', '2021-01-05'),
(67, 86, 8, '10:47:20', '2021-01-05', '2021-01-05'),
(68, 87, 8, '10:47:20', '2021-01-05', '2021-01-05'),
(69, 88, 8, '10:47:20', '2021-01-05', '2021-01-05'),
(70, 89, 8, '10:47:21', '2021-01-05', '2021-01-05'),
(71, 90, 8, '10:47:21', '2021-01-05', '2021-01-05'),
(72, 91, 8, '10:47:21', '2021-01-05', '2021-01-05'),
(73, 92, 8, '10:47:21', '2021-01-05', '2021-01-05'),
(74, 93, 8, '10:47:22', '2021-01-05', '2021-01-05'),
(75, 94, 8, '10:47:22', '2021-01-05', '2021-01-05'),
(76, 95, 8, '10:47:22', '2021-01-05', '2021-01-05'),
(77, 96, 8, '10:47:23', '2021-01-05', '2021-01-05'),
(78, 97, 8, '10:47:23', '2021-01-05', '2021-01-05'),
(79, 98, 8, '10:47:23', '2021-01-05', '2021-01-05'),
(80, 99, 8, '10:47:24', '2021-01-05', '2021-01-05'),
(81, 100, 8, '10:47:24', '2021-01-05', '2021-01-05'),
(82, 101, 8, '10:47:24', '2021-01-05', '2021-01-05'),
(83, 102, 8, '10:47:25', '2021-01-05', '2021-01-05'),
(84, 103, 8, '10:47:25', '2021-01-05', '2021-01-05'),
(85, 104, 8, '10:47:25', '2021-01-05', '2021-01-05'),
(86, 105, 8, '10:47:26', '2021-01-05', '2021-01-05'),
(87, 106, 8, '10:47:26', '2021-01-05', '2021-01-05'),
(88, 107, 8, '10:47:26', '2021-01-05', '2021-01-05'),
(89, 108, 8, '10:47:27', '2021-01-05', '2021-01-05'),
(90, 109, 8, '10:47:27', '2021-01-05', '2021-01-05'),
(91, 110, 8, '10:47:27', '2021-01-05', '2021-01-05'),
(92, 111, 8, '10:47:28', '2021-01-05', '2021-01-05'),
(93, 112, 8, '10:47:28', '2021-01-05', '2021-01-05'),
(94, 113, 8, '10:47:28', '2021-01-05', '2021-01-05'),
(95, 114, 8, '10:47:28', '2021-01-05', '2021-01-05'),
(96, 115, 8, '10:47:29', '2021-01-05', '2021-01-05'),
(97, 116, 8, '10:47:29', '2021-01-05', '2021-01-05'),
(98, 117, 8, '10:47:29', '2021-01-05', '2021-01-05'),
(99, 118, 8, '10:47:30', '2021-01-05', '2021-01-05'),
(100, 119, 8, '10:47:30', '2021-01-05', '2021-01-05'),
(101, 120, 8, '10:47:30', '2021-01-05', '2021-01-05'),
(102, 121, 8, '10:47:31', '2021-01-05', '2021-01-05'),
(103, 122, 8, '10:47:31', '2021-01-05', '2021-01-05'),
(104, 123, 8, '10:47:31', '2021-01-05', '2021-01-05'),
(105, 124, 8, '10:47:32', '2021-01-05', '2021-01-05'),
(106, 125, 8, '10:47:32', '2021-01-05', '2021-01-05'),
(107, 126, 8, '10:47:32', '2021-01-05', '2021-01-05'),
(108, 127, 8, '10:47:33', '2021-01-05', '2021-01-05'),
(109, 128, 8, '10:47:33', '2021-01-05', '2021-01-05'),
(110, 129, 8, '10:47:33', '2021-01-05', '2021-01-05'),
(111, 130, 8, '10:47:34', '2021-01-05', '2021-01-05'),
(112, 131, 8, '10:47:34', '2021-01-05', '2021-01-05'),
(113, 132, 8, '10:47:34', '2021-01-05', '2021-01-05'),
(114, 133, 8, '10:47:35', '2021-01-05', '2021-01-05'),
(115, 134, 8, '10:47:35', '2021-01-05', '2021-01-05'),
(116, 135, 8, '10:47:35', '2021-01-05', '2021-01-05'),
(117, 136, 8, '10:47:35', '2021-01-05', '2021-01-05'),
(118, 137, 8, '10:47:36', '2021-01-05', '2021-01-05'),
(119, 138, 8, '10:47:36', '2021-01-05', '2021-01-05'),
(120, 139, 8, '10:47:36', '2021-01-05', '2021-01-05'),
(121, 140, 8, '10:47:37', '2021-01-05', '2021-01-05'),
(122, 141, 8, '10:47:37', '2021-01-05', '2021-01-05'),
(123, 142, 8, '10:47:37', '2021-01-05', '2021-01-05'),
(124, 143, 8, '10:47:38', '2021-01-05', '2021-01-05'),
(125, 145, 8, '15:44:53', '2021-01-15', '2021-01-15'),
(126, 146, 8, '10:38:09', '2021-01-24', '2021-01-24'),
(127, 148, 147, '11:29:04', '2021-01-24', '2021-01-24');

-- --------------------------------------------------------

--
-- Estructura de tabla para la tabla `ciudades`
--

DROP TABLE IF EXISTS `ciudades`;
CREATE TABLE IF NOT EXISTS `ciudades` (
  `id` int(10) UNSIGNED NOT NULL AUTO_INCREMENT,
  `id_departamento` int(11) NOT NULL,
  `nombre` varchar(255) COLLATE utf8mb4_unicode_ci NOT NULL,
  `estado` int(11) DEFAULT NULL,
  `created_at` date DEFAULT NULL,
  `updated_at` date DEFAULT NULL,
  PRIMARY KEY (`id`),
  KEY `id_departamento` (`id_departamento`)
) ENGINE=InnoDB AUTO_INCREMENT=1101 DEFAULT CHARSET=utf8mb4 COLLATE=utf8mb4_unicode_ci;

--
-- Volcado de datos para la tabla `ciudades`
--

INSERT INTO `ciudades` (`id`, `id_departamento`, `nombre`, `estado`, `created_at`, `updated_at`) VALUES
(1, 5, 'Abriaquí', 1, NULL, NULL),
(2, 50, 'Acacías', 1, NULL, NULL),
(3, 27, 'Acandí', 1, NULL, NULL),
(4, 41, 'Acevedo', 1, NULL, NULL),
(5, 13, 'Achí', 1, NULL, NULL),
(6, 41, 'Agrado', 1, NULL, NULL),
(7, 25, 'Agua de Dios', 1, NULL, NULL),
(8, 20, 'Aguachica', 1, NULL, NULL),
(9, 68, 'Aguada', 1, NULL, NULL),
(10, 17, 'Aguadas', 1, NULL, NULL),
(11, 85, 'Aguazul', 1, NULL, NULL),
(12, 20, 'Agustín Codazzi', 1, NULL, NULL),
(13, 41, 'Aipe', 1, NULL, NULL),
(14, 18, 'Albania', 1, NULL, NULL),
(15, 44, 'Albania', 1, NULL, NULL),
(16, 68, 'Albania', 1, NULL, NULL),
(17, 25, 'Albán', 1, NULL, NULL),
(18, 52, 'Albán (San José)', 1, NULL, NULL),
(19, 76, 'Alcalá', 1, NULL, NULL),
(20, 5, 'Alejandria', 1, NULL, NULL),
(21, 47, 'Algarrobo', 1, NULL, NULL),
(22, 41, 'Algeciras', 1, NULL, NULL),
(23, 19, 'Almaguer', 1, NULL, NULL),
(24, 15, 'Almeida', 1, NULL, NULL),
(25, 73, 'Alpujarra', 1, NULL, NULL),
(26, 41, 'Altamira', 1, NULL, NULL),
(27, 27, 'Alto Baudó (Pie de Pato)', 1, NULL, NULL),
(28, 13, 'Altos del Rosario', 1, NULL, NULL),
(29, 73, 'Alvarado', 1, NULL, NULL),
(30, 5, 'Amagá', 1, NULL, NULL),
(31, 5, 'Amalfi', 1, NULL, NULL),
(32, 73, 'Ambalema', 1, NULL, NULL),
(33, 25, 'Anapoima', 1, NULL, NULL),
(34, 52, 'Ancuya', 1, NULL, NULL),
(35, 76, 'Andalucía', 1, NULL, NULL),
(36, 5, 'Andes', 1, NULL, NULL),
(37, 5, 'Angelópolis', 1, NULL, NULL),
(38, 5, 'Angostura', 1, NULL, NULL),
(39, 25, 'Anolaima', 1, NULL, NULL),
(40, 5, 'Anorí', 1, NULL, NULL),
(41, 17, 'Anserma', 1, NULL, NULL),
(42, 76, 'Ansermanuevo', 1, NULL, NULL),
(43, 73, 'Anzoátegui', 1, NULL, NULL),
(44, 5, 'Anzá', 1, NULL, NULL),
(45, 5, 'Apartadó', 1, NULL, NULL),
(46, 25, 'Apulo', 1, NULL, NULL),
(47, 66, 'Apía', 1, NULL, NULL),
(48, 15, 'Aquitania', 1, NULL, NULL),
(49, 47, 'Aracataca', 1, NULL, NULL),
(50, 17, 'Aranzazu', 1, NULL, NULL),
(51, 68, 'Aratoca', 1, NULL, NULL),
(52, 81, 'Arauca', 1, NULL, NULL),
(53, 81, 'Arauquita', 1, NULL, NULL),
(54, 25, 'Arbeláez', 1, NULL, NULL),
(55, 52, 'Arboleda (Berruecos)', 1, NULL, NULL),
(56, 54, 'Arboledas', 1, NULL, NULL),
(57, 5, 'Arboletes', 1, NULL, NULL),
(58, 15, 'Arcabuco', 1, NULL, NULL),
(59, 13, 'Arenal', 1, NULL, NULL),
(60, 5, 'Argelia', 1, NULL, NULL),
(61, 19, 'Argelia', 1, NULL, NULL),
(62, 76, 'Argelia', 1, NULL, NULL),
(63, 47, 'Ariguaní (El Difícil)', 1, NULL, NULL),
(64, 13, 'Arjona', 1, NULL, NULL),
(65, 5, 'Armenia', 1, NULL, NULL),
(66, 63, 'Armenia', 1, NULL, NULL),
(67, 73, 'Armero (Guayabal)', 1, NULL, NULL),
(68, 13, 'Arroyohondo', 1, NULL, NULL),
(69, 20, 'Astrea', 1, NULL, NULL),
(70, 73, 'Ataco', 1, NULL, NULL),
(71, 27, 'Atrato (Yuto)', 1, NULL, NULL),
(72, 23, 'Ayapel', 1, NULL, NULL),
(73, 27, 'Bagadó', 1, NULL, NULL),
(74, 27, 'Bahía Solano (Mútis)', 1, NULL, NULL),
(75, 27, 'Bajo Baudó (Pizarro)', 1, NULL, NULL),
(76, 19, 'Balboa', 1, NULL, NULL),
(77, 66, 'Balboa', 1, NULL, NULL),
(78, 8, 'Baranoa', 1, NULL, NULL),
(79, 41, 'Baraya', 1, NULL, NULL),
(80, 52, 'Barbacoas', 1, NULL, NULL),
(81, 5, 'Barbosa', 1, NULL, NULL),
(82, 68, 'Barbosa', 1, NULL, NULL),
(83, 68, 'Barichara', 1, NULL, NULL),
(84, 50, 'Barranca de Upía', 1, NULL, NULL),
(85, 68, 'Barrancabermeja', 1, NULL, NULL),
(86, 44, 'Barrancas', 1, NULL, NULL),
(87, 13, 'Barranco de Loba', 1, NULL, NULL),
(88, 8, 'Barranquilla', 1, NULL, NULL),
(89, 20, 'Becerríl', 1, NULL, NULL),
(90, 17, 'Belalcázar', 1, NULL, NULL),
(91, 5, 'Bello', 1, NULL, NULL),
(92, 5, 'Belmira', 1, NULL, NULL),
(93, 25, 'Beltrán', 1, NULL, NULL),
(94, 15, 'Belén', 1, NULL, NULL),
(95, 52, 'Belén', 1, NULL, NULL),
(96, 27, 'Belén de Bajirá', 1, NULL, NULL),
(97, 66, 'Belén de Umbría', 1, NULL, NULL),
(98, 18, 'Belén de los Andaquíes', 1, NULL, NULL),
(99, 15, 'Berbeo', 1, NULL, NULL),
(100, 5, 'Betania', 1, NULL, NULL),
(101, 15, 'Beteitiva', 1, NULL, NULL),
(102, 5, 'Betulia', 1, NULL, NULL),
(103, 68, 'Betulia', 1, NULL, NULL),
(104, 25, 'Bituima', 1, NULL, NULL),
(105, 15, 'Boavita', 1, NULL, NULL),
(106, 54, 'Bochalema', 1, NULL, NULL),
(107, 11, 'Bogotá D.C.', 1, NULL, NULL),
(108, 25, 'Bojacá', 1, NULL, NULL),
(109, 27, 'Bojayá (Bellavista)', 1, NULL, NULL),
(110, 5, 'Bolívar', 1, NULL, NULL),
(111, 19, 'Bolívar', 1, NULL, NULL),
(112, 68, 'Bolívar', 1, NULL, NULL),
(113, 76, 'Bolívar', 1, NULL, NULL),
(114, 20, 'Bosconia', 1, NULL, NULL),
(115, 15, 'Boyacá', 1, NULL, NULL),
(116, 5, 'Briceño', 1, NULL, NULL),
(117, 15, 'Briceño', 1, NULL, NULL),
(118, 68, 'Bucaramanga', 1, NULL, NULL),
(119, 54, 'Bucarasica', 1, NULL, NULL),
(120, 76, 'Buenaventura', 1, NULL, NULL),
(121, 15, 'Buenavista', 1, NULL, NULL),
(122, 23, 'Buenavista', 1, NULL, NULL),
(123, 63, 'Buenavista', 1, NULL, NULL),
(124, 70, 'Buenavista', 1, NULL, NULL),
(125, 19, 'Buenos Aires', 1, NULL, NULL),
(126, 52, 'Buesaco', 1, NULL, NULL),
(127, 76, 'Buga', 1, NULL, NULL),
(128, 76, 'Bugalagrande', 1, NULL, NULL),
(129, 5, 'Burítica', 1, NULL, NULL),
(130, 15, 'Busbanza', 1, NULL, NULL),
(131, 25, 'Cabrera', 1, NULL, NULL),
(132, 68, 'Cabrera', 1, NULL, NULL),
(133, 50, 'Cabuyaro', 1, NULL, NULL),
(134, 25, 'Cachipay', 1, NULL, NULL),
(135, 5, 'Caicedo', 1, NULL, NULL),
(136, 76, 'Caicedonia', 1, NULL, NULL),
(137, 70, 'Caimito', 1, NULL, NULL),
(138, 73, 'Cajamarca', 1, NULL, NULL),
(139, 19, 'Cajibío', 1, NULL, NULL),
(140, 25, 'Cajicá', 1, NULL, NULL),
(141, 13, 'Calamar', 1, NULL, NULL),
(142, 95, 'Calamar', 1, NULL, NULL),
(143, 63, 'Calarcá', 1, NULL, NULL),
(144, 5, 'Caldas', 1, NULL, NULL),
(145, 15, 'Caldas', 1, NULL, NULL),
(146, 19, 'Caldono', 1, NULL, NULL),
(147, 68, 'California', 1, NULL, NULL),
(148, 76, 'Calima (Darién)', 1, NULL, NULL),
(149, 19, 'Caloto', 1, NULL, NULL),
(150, 76, 'Calí', 1, NULL, NULL),
(151, 5, 'Campamento', 1, NULL, NULL),
(152, 8, 'Campo de la Cruz', 1, NULL, NULL),
(153, 41, 'Campoalegre', 1, NULL, NULL),
(154, 15, 'Campohermoso', 1, NULL, NULL),
(155, 23, 'Canalete', 1, NULL, NULL),
(156, 8, 'Candelaria', 1, NULL, NULL),
(157, 76, 'Candelaria', 1, NULL, NULL),
(158, 13, 'Cantagallo', 1, NULL, NULL),
(159, 27, 'Cantón de San Pablo', 1, NULL, NULL),
(160, 25, 'Caparrapí', 1, NULL, NULL),
(161, 68, 'Capitanejo', 1, NULL, NULL),
(162, 5, 'Caracolí', 1, NULL, NULL),
(163, 5, 'Caramanta', 1, NULL, NULL),
(164, 68, 'Carcasí', 1, NULL, NULL),
(165, 5, 'Carepa', 1, NULL, NULL),
(166, 73, 'Carmen de Apicalá', 1, NULL, NULL),
(167, 25, 'Carmen de Carupa', 1, NULL, NULL),
(168, 5, 'Carmen de Viboral', 1, NULL, NULL),
(169, 27, 'Carmen del Darién (CURBARADÓ)', 1, NULL, NULL),
(170, 5, 'Carolina', 1, NULL, NULL),
(171, 13, 'Cartagena', 1, NULL, NULL),
(172, 18, 'Cartagena del Chairá', 1, NULL, NULL),
(173, 76, 'Cartago', 1, NULL, NULL),
(174, 97, 'Carurú', 1, NULL, NULL),
(175, 73, 'Casabianca', 1, NULL, NULL),
(176, 50, 'Castilla la Nueva', 1, NULL, NULL),
(177, 5, 'Caucasia', 1, NULL, NULL),
(178, 5, 'Cañasgordas', 1, NULL, NULL),
(179, 68, 'Cepita', 1, NULL, NULL),
(180, 23, 'Cereté', 1, NULL, NULL),
(181, 15, 'Cerinza', 1, NULL, NULL),
(182, 68, 'Cerrito', 1, NULL, NULL),
(183, 47, 'Cerro San Antonio', 1, NULL, NULL),
(184, 52, 'Chachaguí', 1, NULL, NULL),
(185, 25, 'Chaguaní', 1, NULL, NULL),
(186, 70, 'Chalán', 1, NULL, NULL),
(187, 73, 'Chaparral', 1, NULL, NULL),
(188, 68, 'Charalá', 1, NULL, NULL),
(189, 68, 'Charta', 1, NULL, NULL),
(190, 5, 'Chigorodó', 1, NULL, NULL),
(191, 68, 'Chima', 1, NULL, NULL),
(192, 20, 'Chimichagua', 1, NULL, NULL),
(193, 23, 'Chimá', 1, NULL, NULL),
(194, 15, 'Chinavita', 1, NULL, NULL),
(195, 17, 'Chinchiná', 1, NULL, NULL),
(196, 54, 'Chinácota', 1, NULL, NULL),
(197, 23, 'Chinú', 1, NULL, NULL),
(198, 25, 'Chipaque', 1, NULL, NULL),
(199, 68, 'Chipatá', 1, NULL, NULL),
(200, 15, 'Chiquinquirá', 1, NULL, NULL),
(201, 20, 'Chiriguaná', 1, NULL, NULL),
(202, 15, 'Chiscas', 1, NULL, NULL),
(203, 15, 'Chita', 1, NULL, NULL),
(204, 54, 'Chitagá', 1, NULL, NULL),
(205, 15, 'Chitaraque', 1, NULL, NULL),
(206, 15, 'Chivatá', 1, NULL, NULL),
(207, 47, 'Chivolo', 1, NULL, NULL),
(208, 25, 'Choachí', 1, NULL, NULL),
(209, 25, 'Chocontá', 1, NULL, NULL),
(210, 85, 'Chámeza', 1, NULL, NULL),
(211, 25, 'Chía', 1, NULL, NULL),
(212, 15, 'Chíquiza', 1, NULL, NULL),
(213, 15, 'Chívor', 1, NULL, NULL),
(214, 13, 'Cicuco', 1, NULL, NULL),
(215, 68, 'Cimitarra', 1, NULL, NULL),
(216, 63, 'Circasia', 1, NULL, NULL),
(217, 5, 'Cisneros', 1, NULL, NULL),
(218, 15, 'Ciénaga', 1, NULL, NULL),
(219, 47, 'Ciénaga', 1, NULL, NULL),
(220, 23, 'Ciénaga de Oro', 1, NULL, NULL),
(221, 13, 'Clemencia', 1, NULL, NULL),
(222, 5, 'Cocorná', 1, NULL, NULL),
(223, 73, 'Coello', 1, NULL, NULL),
(224, 25, 'Cogua', 1, NULL, NULL),
(225, 41, 'Colombia', 1, NULL, NULL),
(226, 70, 'Colosó (Ricaurte)', 1, NULL, NULL),
(227, 86, 'Colón', 1, NULL, NULL),
(228, 52, 'Colón (Génova)', 1, NULL, NULL),
(229, 5, 'Concepción', 1, NULL, NULL),
(230, 68, 'Concepción', 1, NULL, NULL),
(231, 5, 'Concordia', 1, NULL, NULL),
(232, 47, 'Concordia', 1, NULL, NULL),
(233, 27, 'Condoto', 1, NULL, NULL),
(234, 68, 'Confines', 1, NULL, NULL),
(235, 52, 'Consaca', 1, NULL, NULL),
(236, 52, 'Contadero', 1, NULL, NULL),
(237, 68, 'Contratación', 1, NULL, NULL),
(238, 54, 'Convención', 1, NULL, NULL),
(239, 5, 'Copacabana', 1, NULL, NULL),
(240, 15, 'Coper', 1, NULL, NULL),
(241, 63, 'Cordobá', 1, NULL, NULL),
(242, 19, 'Corinto', 1, NULL, NULL),
(243, 68, 'Coromoro', 1, NULL, NULL),
(244, 70, 'Corozal', 1, NULL, NULL),
(245, 15, 'Corrales', 1, NULL, NULL),
(246, 25, 'Cota', 1, NULL, NULL),
(247, 23, 'Cotorra', 1, NULL, NULL),
(248, 15, 'Covarachía', 1, NULL, NULL),
(249, 70, 'Coveñas', 1, NULL, NULL),
(250, 73, 'Coyaima', 1, NULL, NULL),
(251, 81, 'Cravo Norte', 1, NULL, NULL),
(252, 52, 'Cuaspud (Carlosama)', 1, NULL, NULL),
(253, 50, 'Cubarral', 1, NULL, NULL),
(254, 15, 'Cubará', 1, NULL, NULL),
(255, 15, 'Cucaita', 1, NULL, NULL),
(256, 25, 'Cucunubá', 1, NULL, NULL),
(257, 54, 'Cucutilla', 1, NULL, NULL),
(258, 15, 'Cuitiva', 1, NULL, NULL),
(259, 50, 'Cumaral', 1, NULL, NULL),
(260, 99, 'Cumaribo', 1, NULL, NULL),
(261, 52, 'Cumbal', 1, NULL, NULL),
(262, 52, 'Cumbitara', 1, NULL, NULL),
(263, 73, 'Cunday', 1, NULL, NULL),
(264, 18, 'Curillo', 1, NULL, NULL),
(265, 68, 'Curití', 1, NULL, NULL),
(266, 20, 'Curumaní', 1, NULL, NULL),
(267, 5, 'Cáceres', 1, NULL, NULL),
(268, 54, 'Cáchira', 1, NULL, NULL),
(269, 54, 'Cácota', 1, NULL, NULL),
(270, 25, 'Cáqueza', 1, NULL, NULL),
(271, 27, 'Cértegui', 1, NULL, NULL),
(272, 15, 'Cómbita', 1, NULL, NULL),
(273, 13, 'Córdoba', 1, NULL, NULL),
(274, 52, 'Córdoba', 1, NULL, NULL),
(275, 54, 'Cúcuta', 1, NULL, NULL),
(276, 5, 'Dabeiba', 1, NULL, NULL),
(277, 76, 'Dagua', 1, NULL, NULL),
(278, 44, 'Dibulla', 1, NULL, NULL),
(279, 44, 'Distracción', 1, NULL, NULL),
(280, 73, 'Dolores', 1, NULL, NULL),
(281, 5, 'Don Matías', 1, NULL, NULL),
(282, 66, 'Dos Quebradas', 1, NULL, NULL),
(283, 15, 'Duitama', 1, NULL, NULL),
(284, 54, 'Durania', 1, NULL, NULL),
(285, 5, 'Ebéjico', 1, NULL, NULL),
(286, 5, 'El Bagre', 1, NULL, NULL),
(287, 47, 'El Banco', 1, NULL, NULL),
(288, 76, 'El Cairo', 1, NULL, NULL),
(289, 50, 'El Calvario', 1, NULL, NULL),
(290, 54, 'El Carmen', 1, NULL, NULL),
(291, 68, 'El Carmen', 1, NULL, NULL),
(292, 27, 'El Carmen de Atrato', 1, NULL, NULL),
(293, 13, 'El Carmen de Bolívar', 1, NULL, NULL),
(294, 50, 'El Castillo', 1, NULL, NULL),
(295, 76, 'El Cerrito', 1, NULL, NULL),
(296, 52, 'El Charco', 1, NULL, NULL),
(297, 15, 'El Cocuy', 1, NULL, NULL),
(298, 25, 'El Colegio', 1, NULL, NULL),
(299, 20, 'El Copey', 1, NULL, NULL),
(300, 18, 'El Doncello', 1, NULL, NULL),
(301, 50, 'El Dorado', 1, NULL, NULL),
(302, 76, 'El Dovio', 1, NULL, NULL),
(303, 15, 'El Espino', 1, NULL, NULL),
(304, 68, 'El Guacamayo', 1, NULL, NULL),
(305, 13, 'El Guamo', 1, NULL, NULL),
(306, 44, 'El Molino', 1, NULL, NULL),
(307, 20, 'El Paso', 1, NULL, NULL),
(308, 18, 'El Paujil', 1, NULL, NULL),
(309, 52, 'El Peñol', 1, NULL, NULL),
(310, 13, 'El Peñon', 1, NULL, NULL),
(311, 68, 'El Peñon', 1, NULL, NULL),
(312, 25, 'El Peñón', 1, NULL, NULL),
(313, 47, 'El Piñon', 1, NULL, NULL),
(314, 68, 'El Playón', 1, NULL, NULL),
(315, 95, 'El Retorno', 1, NULL, NULL),
(316, 47, 'El Retén', 1, NULL, NULL),
(317, 70, 'El Roble', 1, NULL, NULL),
(318, 25, 'El Rosal', 1, NULL, NULL),
(319, 52, 'El Rosario', 1, NULL, NULL),
(320, 52, 'El Tablón de Gómez', 1, NULL, NULL),
(321, 19, 'El Tambo', 1, NULL, NULL),
(322, 52, 'El Tambo', 1, NULL, NULL),
(323, 54, 'El Tarra', 1, NULL, NULL),
(324, 54, 'El Zulia', 1, NULL, NULL),
(325, 76, 'El Águila', 1, NULL, NULL),
(326, 41, 'Elías', 1, NULL, NULL),
(327, 68, 'Encino', 1, NULL, NULL),
(328, 68, 'Enciso', 1, NULL, NULL),
(329, 5, 'Entrerríos', 1, NULL, NULL),
(330, 5, 'Envigado', 1, NULL, NULL),
(331, 73, 'Espinal', 1, NULL, NULL),
(332, 25, 'Facatativá', 1, NULL, NULL),
(333, 73, 'Falan', 1, NULL, NULL),
(334, 17, 'Filadelfia', 1, NULL, NULL),
(335, 63, 'Filandia', 1, NULL, NULL),
(336, 15, 'Firavitoba', 1, NULL, NULL),
(337, 73, 'Flandes', 1, NULL, NULL),
(338, 18, 'Florencia', 1, NULL, NULL),
(339, 19, 'Florencia', 1, NULL, NULL),
(340, 15, 'Floresta', 1, NULL, NULL),
(341, 76, 'Florida', 1, NULL, NULL),
(342, 68, 'Floridablanca', 1, NULL, NULL),
(343, 68, 'Florián', 1, NULL, NULL),
(344, 44, 'Fonseca', 1, NULL, NULL),
(345, 81, 'Fortúl', 1, NULL, NULL),
(346, 25, 'Fosca', 1, NULL, NULL),
(347, 52, 'Francisco Pizarro', 1, NULL, NULL),
(348, 5, 'Fredonia', 1, NULL, NULL),
(349, 73, 'Fresno', 1, NULL, NULL),
(350, 5, 'Frontino', 1, NULL, NULL),
(351, 50, 'Fuente de Oro', 1, NULL, NULL),
(352, 47, 'Fundación', 1, NULL, NULL),
(353, 52, 'Funes', 1, NULL, NULL),
(354, 25, 'Funza', 1, NULL, NULL),
(355, 25, 'Fusagasugá', 1, NULL, NULL),
(356, 25, 'Fómeque', 1, NULL, NULL),
(357, 25, 'Fúquene', 1, NULL, NULL),
(358, 25, 'Gachalá', 1, NULL, NULL),
(359, 25, 'Gachancipá', 1, NULL, NULL),
(360, 15, 'Gachantivá', 1, NULL, NULL),
(361, 25, 'Gachetá', 1, NULL, NULL),
(362, 8, 'Galapa', 1, NULL, NULL),
(363, 70, 'Galeras (Nueva Granada)', 1, NULL, NULL),
(364, 68, 'Galán', 1, NULL, NULL),
(365, 25, 'Gama', 1, NULL, NULL),
(366, 20, 'Gamarra', 1, NULL, NULL),
(367, 15, 'Garagoa', 1, NULL, NULL),
(368, 41, 'Garzón', 1, NULL, NULL),
(369, 41, 'Gigante', 1, NULL, NULL),
(370, 76, 'Ginebra', 1, NULL, NULL),
(371, 5, 'Giraldo', 1, NULL, NULL),
(372, 25, 'Girardot', 1, NULL, NULL),
(373, 5, 'Girardota', 1, NULL, NULL),
(374, 68, 'Girón', 1, NULL, NULL),
(375, 20, 'Gonzalez', 1, NULL, NULL),
(376, 54, 'Gramalote', 1, NULL, NULL),
(377, 5, 'Granada', 1, NULL, NULL),
(378, 25, 'Granada', 1, NULL, NULL),
(379, 50, 'Granada', 1, NULL, NULL),
(380, 68, 'Guaca', 1, NULL, NULL),
(381, 15, 'Guacamayas', 1, NULL, NULL),
(382, 76, 'Guacarí', 1, NULL, NULL),
(383, 52, 'Guachavés', 1, NULL, NULL),
(384, 19, 'Guachené', 1, NULL, NULL),
(385, 25, 'Guachetá', 1, NULL, NULL),
(386, 52, 'Guachucal', 1, NULL, NULL),
(387, 5, 'Guadalupe', 1, NULL, NULL),
(388, 41, 'Guadalupe', 1, NULL, NULL),
(389, 68, 'Guadalupe', 1, NULL, NULL),
(390, 25, 'Guaduas', 1, NULL, NULL),
(391, 52, 'Guaitarilla', 1, NULL, NULL),
(392, 52, 'Gualmatán', 1, NULL, NULL),
(393, 47, 'Guamal', 1, NULL, NULL),
(394, 50, 'Guamal', 1, NULL, NULL),
(395, 73, 'Guamo', 1, NULL, NULL),
(396, 68, 'Guapota', 1, NULL, NULL),
(397, 19, 'Guapí', 1, NULL, NULL),
(398, 70, 'Guaranda', 1, NULL, NULL),
(399, 5, 'Guarne', 1, NULL, NULL),
(400, 25, 'Guasca', 1, NULL, NULL),
(401, 5, 'Guatapé', 1, NULL, NULL),
(402, 25, 'Guataquí', 1, NULL, NULL),
(403, 25, 'Guatavita', 1, NULL, NULL),
(404, 15, 'Guateque', 1, NULL, NULL),
(405, 68, 'Guavatá', 1, NULL, NULL),
(406, 25, 'Guayabal de Siquima', 1, NULL, NULL),
(407, 25, 'Guayabetal', 1, NULL, NULL),
(408, 15, 'Guayatá', 1, NULL, NULL),
(409, 68, 'Guepsa', 1, NULL, NULL),
(410, 15, 'Guicán', 1, NULL, NULL),
(411, 25, 'Gutiérrez', 1, NULL, NULL),
(412, 66, 'Guática', 1, NULL, NULL),
(413, 68, 'Gámbita', 1, NULL, NULL),
(414, 15, 'Gámeza', 1, NULL, NULL),
(415, 63, 'Génova', 1, NULL, NULL),
(416, 5, 'Gómez Plata', 1, NULL, NULL),
(417, 54, 'Hacarí', 1, NULL, NULL),
(418, 13, 'Hatillo de Loba', 1, NULL, NULL),
(419, 68, 'Hato', 1, NULL, NULL),
(420, 85, 'Hato Corozal', 1, NULL, NULL),
(421, 44, 'Hatonuevo', 1, NULL, NULL),
(422, 5, 'Heliconia', 1, NULL, NULL),
(423, 54, 'Herrán', 1, NULL, NULL),
(424, 73, 'Herveo', 1, NULL, NULL),
(425, 5, 'Hispania', 1, NULL, NULL),
(426, 41, 'Hobo', 1, NULL, NULL),
(427, 73, 'Honda', 1, NULL, NULL),
(428, 73, 'Ibagué', 1, NULL, NULL),
(429, 73, 'Icononzo', 1, NULL, NULL),
(430, 52, 'Iles', 1, NULL, NULL),
(431, 52, 'Imúes', 1, NULL, NULL),
(432, 19, 'Inzá', 1, NULL, NULL),
(433, 94, 'Inírida', 1, NULL, NULL),
(434, 52, 'Ipiales', 1, NULL, NULL),
(435, 41, 'Isnos', 1, NULL, NULL),
(436, 27, 'Istmina', 1, NULL, NULL),
(437, 5, 'Itagüí', 1, NULL, NULL),
(438, 5, 'Ituango', 1, NULL, NULL),
(439, 15, 'Izá', 1, NULL, NULL),
(440, 19, 'Jambaló', 1, NULL, NULL),
(441, 76, 'Jamundí', 1, NULL, NULL),
(442, 5, 'Jardín', 1, NULL, NULL),
(443, 15, 'Jenesano', 1, NULL, NULL),
(444, 5, 'Jericó', 1, NULL, NULL),
(445, 15, 'Jericó', 1, NULL, NULL),
(446, 25, 'Jerusalén', 1, NULL, NULL),
(447, 68, 'Jesús María', 1, NULL, NULL),
(448, 68, 'Jordán', 1, NULL, NULL),
(449, 8, 'Juan de Acosta', 1, NULL, NULL),
(450, 25, 'Junín', 1, NULL, NULL),
(451, 27, 'Juradó', 1, NULL, NULL),
(452, 23, 'La Apartada y La Frontera', 1, NULL, NULL),
(453, 41, 'La Argentina', 1, NULL, NULL),
(454, 68, 'La Belleza', 1, NULL, NULL),
(455, 25, 'La Calera', 1, NULL, NULL),
(456, 15, 'La Capilla', 1, NULL, NULL),
(457, 5, 'La Ceja', 1, NULL, NULL),
(458, 66, 'La Celia', 1, NULL, NULL),
(459, 52, 'La Cruz', 1, NULL, NULL),
(460, 76, 'La Cumbre', 1, NULL, NULL),
(461, 17, 'La Dorada', 1, NULL, NULL),
(462, 54, 'La Esperanza', 1, NULL, NULL),
(463, 5, 'La Estrella', 1, NULL, NULL),
(464, 52, 'La Florida', 1, NULL, NULL),
(465, 20, 'La Gloria', 1, NULL, NULL),
(466, 20, 'La Jagua de Ibirico', 1, NULL, NULL),
(467, 44, 'La Jagua del Pilar', 1, NULL, NULL),
(468, 52, 'La Llanada', 1, NULL, NULL),
(469, 50, 'La Macarena', 1, NULL, NULL),
(470, 17, 'La Merced', 1, NULL, NULL),
(471, 25, 'La Mesa', 1, NULL, NULL),
(472, 18, 'La Montañita', 1, NULL, NULL),
(473, 25, 'La Palma', 1, NULL, NULL),
(474, 68, 'La Paz', 1, NULL, NULL),
(475, 20, 'La Paz (Robles)', 1, NULL, NULL),
(476, 25, 'La Peña', 1, NULL, NULL),
(477, 5, 'La Pintada', 1, NULL, NULL),
(478, 41, 'La Plata', 1, NULL, NULL),
(479, 54, 'La Playa', 1, NULL, NULL),
(480, 99, 'La Primavera', 1, NULL, NULL),
(481, 85, 'La Salina', 1, NULL, NULL),
(482, 19, 'La Sierra', 1, NULL, NULL),
(483, 63, 'La Tebaida', 1, NULL, NULL),
(484, 52, 'La Tola', 1, NULL, NULL),
(485, 5, 'La Unión', 1, NULL, NULL),
(486, 52, 'La Unión', 1, NULL, NULL),
(487, 70, 'La Unión', 1, NULL, NULL),
(488, 76, 'La Unión', 1, NULL, NULL),
(489, 15, 'La Uvita', 1, NULL, NULL),
(490, 19, 'La Vega', 1, NULL, NULL),
(491, 25, 'La Vega', 1, NULL, NULL),
(492, 15, 'La Victoria', 1, NULL, NULL),
(493, 17, 'La Victoria', 1, NULL, NULL),
(494, 76, 'La Victoria', 1, NULL, NULL),
(495, 66, 'La Virginia', 1, NULL, NULL),
(496, 54, 'Labateca', 1, NULL, NULL),
(497, 15, 'Labranzagrande', 1, NULL, NULL),
(498, 68, 'Landázuri', 1, NULL, NULL),
(499, 68, 'Lebrija', 1, NULL, NULL),
(500, 52, 'Leiva', 1, NULL, NULL),
(501, 50, 'Lejanías', 1, NULL, NULL),
(502, 25, 'Lenguazaque', 1, NULL, NULL),
(503, 91, 'Leticia', 1, NULL, NULL),
(504, 5, 'Liborina', 1, NULL, NULL),
(505, 52, 'Linares', 1, NULL, NULL),
(506, 27, 'Lloró', 1, NULL, NULL),
(507, 23, 'Lorica', 1, NULL, NULL),
(508, 23, 'Los Córdobas', 1, NULL, NULL),
(509, 70, 'Los Palmitos', 1, NULL, NULL),
(510, 54, 'Los Patios', 1, NULL, NULL),
(511, 68, 'Los Santos', 1, NULL, NULL),
(512, 54, 'Lourdes', 1, NULL, NULL),
(513, 8, 'Luruaco', 1, NULL, NULL),
(514, 73, 'Lérida', 1, NULL, NULL),
(515, 73, 'Líbano', 1, NULL, NULL),
(516, 19, 'López (Micay)', 1, NULL, NULL),
(517, 15, 'Macanal', 1, NULL, NULL),
(518, 68, 'Macaravita', 1, NULL, NULL),
(519, 5, 'Maceo', 1, NULL, NULL),
(520, 25, 'Machetá', 1, NULL, NULL),
(521, 25, 'Madrid', 1, NULL, NULL),
(522, 13, 'Magangué', 1, NULL, NULL),
(523, 52, 'Magüi (Payán)', 1, NULL, NULL),
(524, 13, 'Mahates', 1, NULL, NULL),
(525, 44, 'Maicao', 1, NULL, NULL),
(526, 70, 'Majagual', 1, NULL, NULL),
(527, 8, 'Malambo', 1, NULL, NULL),
(528, 52, 'Mallama (Piedrancha)', 1, NULL, NULL),
(529, 8, 'Manatí', 1, NULL, NULL),
(530, 44, 'Manaure', 1, NULL, NULL),
(531, 20, 'Manaure Balcón del Cesar', 1, NULL, NULL),
(532, 17, 'Manizales', 1, NULL, NULL),
(533, 25, 'Manta', 1, NULL, NULL),
(534, 17, 'Manzanares', 1, NULL, NULL),
(535, 85, 'Maní', 1, NULL, NULL),
(536, 50, 'Mapiripan', 1, NULL, NULL),
(537, 13, 'Margarita', 1, NULL, NULL),
(538, 5, 'Marinilla', 1, NULL, NULL),
(539, 15, 'Maripí', 1, NULL, NULL),
(540, 73, 'Mariquita', 1, NULL, NULL),
(541, 17, 'Marmato', 1, NULL, NULL),
(542, 17, 'Marquetalia', 1, NULL, NULL),
(543, 66, 'Marsella', 1, NULL, NULL),
(544, 17, 'Marulanda', 1, NULL, NULL),
(545, 13, 'María la Baja', 1, NULL, NULL),
(546, 68, 'Matanza', 1, NULL, NULL),
(547, 5, 'Medellín', 1, NULL, NULL),
(548, 25, 'Medina', 1, NULL, NULL),
(549, 27, 'Medio Atrato', 1, NULL, NULL),
(550, 27, 'Medio Baudó', 1, NULL, NULL),
(551, 27, 'Medio San Juan (ANDAGOYA)', 1, NULL, NULL),
(552, 73, 'Melgar', 1, NULL, NULL),
(553, 19, 'Mercaderes', 1, NULL, NULL),
(554, 50, 'Mesetas', 1, NULL, NULL),
(555, 18, 'Milán', 1, NULL, NULL),
(556, 15, 'Miraflores', 1, NULL, NULL),
(557, 95, 'Miraflores', 1, NULL, NULL),
(558, 19, 'Miranda', 1, NULL, NULL),
(559, 66, 'Mistrató', 1, NULL, NULL),
(560, 97, 'Mitú', 1, NULL, NULL),
(561, 86, 'Mocoa', 1, NULL, NULL),
(562, 68, 'Mogotes', 1, NULL, NULL),
(563, 68, 'Molagavita', 1, NULL, NULL),
(564, 23, 'Momil', 1, NULL, NULL),
(565, 13, 'Mompós', 1, NULL, NULL),
(566, 15, 'Mongua', 1, NULL, NULL),
(567, 15, 'Monguí', 1, NULL, NULL),
(568, 15, 'Moniquirá', 1, NULL, NULL),
(569, 5, 'Montebello', 1, NULL, NULL),
(570, 13, 'Montecristo', 1, NULL, NULL),
(571, 23, 'Montelíbano', 1, NULL, NULL),
(572, 63, 'Montenegro', 1, NULL, NULL),
(573, 23, 'Monteria', 1, NULL, NULL),
(574, 85, 'Monterrey', 1, NULL, NULL),
(575, 13, 'Morales', 1, NULL, NULL),
(576, 19, 'Morales', 1, NULL, NULL),
(577, 18, 'Morelia', 1, NULL, NULL),
(578, 70, 'Morroa', 1, NULL, NULL),
(579, 25, 'Mosquera', 1, NULL, NULL),
(580, 52, 'Mosquera', 1, NULL, NULL),
(581, 15, 'Motavita', 1, NULL, NULL),
(582, 23, 'Moñitos', 1, NULL, NULL),
(583, 73, 'Murillo', 1, NULL, NULL),
(584, 5, 'Murindó', 1, NULL, NULL),
(585, 5, 'Mutatá', 1, NULL, NULL),
(586, 54, 'Mutiscua', 1, NULL, NULL),
(587, 15, 'Muzo', 1, NULL, NULL),
(588, 68, 'Málaga', 1, NULL, NULL),
(589, 5, 'Nariño', 1, NULL, NULL),
(590, 25, 'Nariño', 1, NULL, NULL),
(591, 52, 'Nariño', 1, NULL, NULL),
(592, 73, 'Natagaima', 1, NULL, NULL),
(593, 5, 'Nechí', 1, NULL, NULL),
(594, 5, 'Necoclí', 1, NULL, NULL),
(595, 17, 'Neira', 1, NULL, NULL),
(596, 41, 'Neiva', 1, NULL, NULL),
(597, 25, 'Nemocón', 1, NULL, NULL),
(598, 25, 'Nilo', 1, NULL, NULL),
(599, 25, 'Nimaima', 1, NULL, NULL),
(600, 15, 'Nobsa', 1, NULL, NULL),
(601, 25, 'Nocaima', 1, NULL, NULL),
(602, 17, 'Norcasia', 1, NULL, NULL),
(603, 13, 'Norosí', 1, NULL, NULL),
(604, 27, 'Novita', 1, NULL, NULL),
(605, 47, 'Nueva Granada', 1, NULL, NULL),
(606, 15, 'Nuevo Colón', 1, NULL, NULL),
(607, 85, 'Nunchía', 1, NULL, NULL),
(608, 27, 'Nuquí', 1, NULL, NULL),
(609, 41, 'Nátaga', 1, NULL, NULL),
(610, 76, 'Obando', 1, NULL, NULL),
(611, 68, 'Ocamonte', 1, NULL, NULL),
(612, 54, 'Ocaña', 1, NULL, NULL),
(613, 68, 'Oiba', 1, NULL, NULL),
(614, 15, 'Oicatá', 1, NULL, NULL),
(615, 5, 'Olaya', 1, NULL, NULL),
(616, 52, 'Olaya Herrera', 1, NULL, NULL),
(617, 68, 'Onzaga', 1, NULL, NULL),
(618, 41, 'Oporapa', 1, NULL, NULL),
(619, 86, 'Orito', 1, NULL, NULL),
(620, 85, 'Orocué', 1, NULL, NULL),
(621, 73, 'Ortega', 1, NULL, NULL),
(622, 52, 'Ospina', 1, NULL, NULL),
(623, 15, 'Otanche', 1, NULL, NULL),
(624, 70, 'Ovejas', 1, NULL, NULL),
(625, 15, 'Pachavita', 1, NULL, NULL),
(626, 25, 'Pacho', 1, NULL, NULL),
(627, 19, 'Padilla', 1, NULL, NULL),
(628, 41, 'Paicol', 1, NULL, NULL),
(629, 20, 'Pailitas', 1, NULL, NULL),
(630, 25, 'Paime', 1, NULL, NULL),
(631, 15, 'Paipa', 1, NULL, NULL),
(632, 15, 'Pajarito', 1, NULL, NULL),
(633, 41, 'Palermo', 1, NULL, NULL),
(634, 17, 'Palestina', 1, NULL, NULL),
(635, 41, 'Palestina', 1, NULL, NULL),
(636, 68, 'Palmar', 1, NULL, NULL),
(637, 8, 'Palmar de Varela', 1, NULL, NULL),
(638, 68, 'Palmas del Socorro', 1, NULL, NULL),
(639, 76, 'Palmira', 1, NULL, NULL),
(640, 70, 'Palmito', 1, NULL, NULL),
(641, 73, 'Palocabildo', 1, NULL, NULL),
(642, 54, 'Pamplona', 1, NULL, NULL),
(643, 54, 'Pamplonita', 1, NULL, NULL),
(644, 25, 'Pandi', 1, NULL, NULL),
(645, 15, 'Panqueba', 1, NULL, NULL),
(646, 25, 'Paratebueno', 1, NULL, NULL),
(647, 25, 'Pasca', 1, NULL, NULL),
(648, 19, 'Patía (El Bordo)', 1, NULL, NULL),
(649, 15, 'Pauna', 1, NULL, NULL),
(650, 15, 'Paya', 1, NULL, NULL),
(651, 85, 'Paz de Ariporo', 1, NULL, NULL),
(652, 15, 'Paz de Río', 1, NULL, NULL),
(653, 47, 'Pedraza', 1, NULL, NULL),
(654, 20, 'Pelaya', 1, NULL, NULL),
(655, 17, 'Pensilvania', 1, NULL, NULL),
(656, 5, 'Peque', 1, NULL, NULL),
(657, 66, 'Pereira', 1, NULL, NULL),
(658, 15, 'Pesca', 1, NULL, NULL),
(659, 5, 'Peñol', 1, NULL, NULL),
(660, 19, 'Piamonte', 1, NULL, NULL),
(661, 68, 'Pie de Cuesta', 1, NULL, NULL),
(662, 73, 'Piedras', 1, NULL, NULL),
(663, 19, 'Piendamó', 1, NULL, NULL),
(664, 63, 'Pijao', 1, NULL, NULL),
(665, 47, 'Pijiño', 1, NULL, NULL),
(666, 68, 'Pinchote', 1, NULL, NULL),
(667, 13, 'Pinillos', 1, NULL, NULL),
(668, 8, 'Piojo', 1, NULL, NULL),
(669, 15, 'Pisva', 1, NULL, NULL),
(670, 41, 'Pital', 1, NULL, NULL),
(671, 41, 'Pitalito', 1, NULL, NULL),
(672, 47, 'Pivijay', 1, NULL, NULL),
(673, 73, 'Planadas', 1, NULL, NULL),
(674, 23, 'Planeta Rica', 1, NULL, NULL),
(675, 47, 'Plato', 1, NULL, NULL),
(676, 52, 'Policarpa', 1, NULL, NULL),
(677, 8, 'Polonuevo', 1, NULL, NULL),
(678, 8, 'Ponedera', 1, NULL, NULL),
(679, 19, 'Popayán', 1, NULL, NULL),
(680, 85, 'Pore', 1, NULL, NULL),
(681, 52, 'Potosí', 1, NULL, NULL),
(682, 76, 'Pradera', 1, NULL, NULL),
(683, 73, 'Prado', 1, NULL, NULL),
(684, 52, 'Providencia', 1, NULL, NULL),
(685, 88, 'Providencia', 1, NULL, NULL),
(686, 20, 'Pueblo Bello', 1, NULL, NULL),
(687, 23, 'Pueblo Nuevo', 1, NULL, NULL),
(688, 66, 'Pueblo Rico', 1, NULL, NULL),
(689, 5, 'Pueblorrico', 1, NULL, NULL),
(690, 47, 'Puebloviejo', 1, NULL, NULL),
(691, 68, 'Puente Nacional', 1, NULL, NULL),
(692, 52, 'Puerres', 1, NULL, NULL),
(693, 86, 'Puerto Asís', 1, NULL, NULL),
(694, 5, 'Puerto Berrío', 1, NULL, NULL),
(695, 15, 'Puerto Boyacá', 1, NULL, NULL),
(696, 86, 'Puerto Caicedo', 1, NULL, NULL),
(697, 99, 'Puerto Carreño', 1, NULL, NULL),
(698, 8, 'Puerto Colombia', 1, NULL, NULL),
(699, 50, 'Puerto Concordia', 1, NULL, NULL),
(700, 23, 'Puerto Escondido', 1, NULL, NULL),
(701, 50, 'Puerto Gaitán', 1, NULL, NULL),
(702, 86, 'Puerto Guzmán', 1, NULL, NULL),
(703, 86, 'Puerto Leguízamo', 1, NULL, NULL),
(704, 23, 'Puerto Libertador', 1, NULL, NULL),
(705, 50, 'Puerto Lleras', 1, NULL, NULL),
(706, 50, 'Puerto López', 1, NULL, NULL),
(707, 5, 'Puerto Nare', 1, NULL, NULL),
(708, 91, 'Puerto Nariño', 1, NULL, NULL),
(709, 68, 'Puerto Parra', 1, NULL, NULL),
(710, 18, 'Puerto Rico', 1, NULL, NULL),
(711, 50, 'Puerto Rico', 1, NULL, NULL),
(712, 81, 'Puerto Rondón', 1, NULL, NULL),
(713, 25, 'Puerto Salgar', 1, NULL, NULL),
(714, 54, 'Puerto Santander', 1, NULL, NULL),
(715, 19, 'Puerto Tejada', 1, NULL, NULL),
(716, 5, 'Puerto Triunfo', 1, NULL, NULL),
(717, 68, 'Puerto Wilches', 1, NULL, NULL),
(718, 25, 'Pulí', 1, NULL, NULL),
(719, 52, 'Pupiales', 1, NULL, NULL),
(720, 19, 'Puracé (Coconuco)', 1, NULL, NULL),
(721, 73, 'Purificación', 1, NULL, NULL),
(722, 23, 'Purísima', 1, NULL, NULL),
(723, 17, 'Pácora', 1, NULL, NULL),
(724, 15, 'Páez', 1, NULL, NULL),
(725, 19, 'Páez (Belalcazar)', 1, NULL, NULL),
(726, 68, 'Páramo', 1, NULL, NULL),
(727, 25, 'Quebradanegra', 1, NULL, NULL),
(728, 25, 'Quetame', 1, NULL, NULL),
(729, 27, 'Quibdó', 1, NULL, NULL),
(730, 63, 'Quimbaya', 1, NULL, NULL),
(731, 66, 'Quinchía', 1, NULL, NULL),
(732, 15, 'Quipama', 1, NULL, NULL),
(733, 25, 'Quipile', 1, NULL, NULL),
(734, 54, 'Ragonvalia', 1, NULL, NULL),
(735, 15, 'Ramiriquí', 1, NULL, NULL),
(736, 85, 'Recetor', 1, NULL, NULL),
(737, 13, 'Regidor', 1, NULL, NULL),
(738, 5, 'Remedios', 1, NULL, NULL),
(739, 47, 'Remolino', 1, NULL, NULL),
(740, 8, 'Repelón', 1, NULL, NULL),
(741, 50, 'Restrepo', 1, NULL, NULL),
(742, 76, 'Restrepo', 1, NULL, NULL),
(743, 5, 'Retiro', 1, NULL, NULL),
(744, 25, 'Ricaurte', 1, NULL, NULL),
(745, 52, 'Ricaurte', 1, NULL, NULL),
(746, 68, 'Rio Negro', 1, NULL, NULL),
(747, 73, 'Rioblanco', 1, NULL, NULL),
(748, 76, 'Riofrío', 1, NULL, NULL),
(749, 44, 'Riohacha', 1, NULL, NULL),
(750, 17, 'Risaralda', 1, NULL, NULL),
(751, 41, 'Rivera', 1, NULL, NULL),
(752, 52, 'Roberto Payán (San José)', 1, NULL, NULL),
(753, 76, 'Roldanillo', 1, NULL, NULL),
(754, 73, 'Roncesvalles', 1, NULL, NULL),
(755, 15, 'Rondón', 1, NULL, NULL),
(756, 19, 'Rosas', 1, NULL, NULL),
(757, 73, 'Rovira', 1, NULL, NULL),
(758, 15, 'Ráquira', 1, NULL, NULL),
(759, 27, 'Río Iró', 1, NULL, NULL),
(760, 27, 'Río Quito', 1, NULL, NULL),
(761, 17, 'Río Sucio', 1, NULL, NULL),
(762, 13, 'Río Viejo', 1, NULL, NULL),
(763, 20, 'Río de oro', 1, NULL, NULL),
(764, 5, 'Ríonegro', 1, NULL, NULL),
(765, 27, 'Ríosucio', 1, NULL, NULL),
(766, 68, 'Sabana de Torres', 1, NULL, NULL),
(767, 8, 'Sabanagrande', 1, NULL, NULL),
(768, 5, 'Sabanalarga', 1, NULL, NULL),
(769, 8, 'Sabanalarga', 1, NULL, NULL),
(770, 85, 'Sabanalarga', 1, NULL, NULL),
(771, 47, 'Sabanas de San Angel (SAN ANGEL)', 1, NULL, NULL),
(772, 5, 'Sabaneta', 1, NULL, NULL),
(773, 15, 'Saboyá', 1, NULL, NULL),
(774, 23, 'Sahagún', 1, NULL, NULL),
(775, 41, 'Saladoblanco', 1, NULL, NULL),
(776, 17, 'Salamina', 1, NULL, NULL),
(777, 47, 'Salamina', 1, NULL, NULL),
(778, 54, 'Salazar', 1, NULL, NULL),
(779, 73, 'Saldaña', 1, NULL, NULL),
(780, 63, 'Salento', 1, NULL, NULL),
(781, 5, 'Salgar', 1, NULL, NULL),
(782, 15, 'Samacá', 1, NULL, NULL),
(783, 52, 'Samaniego', 1, NULL, NULL),
(784, 17, 'Samaná', 1, NULL, NULL),
(785, 70, 'Sampués', 1, NULL, NULL),
(786, 41, 'San Agustín', 1, NULL, NULL),
(787, 20, 'San Alberto', 1, NULL, NULL),
(788, 68, 'San Andrés', 1, NULL, NULL),
(789, 23, 'San Andrés Sotavento', 1, NULL, NULL),
(790, 5, 'San Andrés de Cuerquía', 1, NULL, NULL),
(791, 23, 'San Antero', 1, NULL, NULL),
(792, 73, 'San Antonio', 1, NULL, NULL),
(793, 25, 'San Antonio de Tequendama', 1, NULL, NULL),
(794, 68, 'San Benito', 1, NULL, NULL),
(795, 70, 'San Benito Abad', 1, NULL, NULL),
(796, 25, 'San Bernardo', 1, NULL, NULL),
(797, 52, 'San Bernardo', 1, NULL, NULL),
(798, 23, 'San Bernardo del Viento', 1, NULL, NULL),
(799, 54, 'San Calixto', 1, NULL, NULL),
(800, 5, 'San Carlos', 1, NULL, NULL),
(801, 23, 'San Carlos', 1, NULL, NULL),
(802, 50, 'San Carlos de Guaroa', 1, NULL, NULL),
(803, 25, 'San Cayetano', 1, NULL, NULL),
(804, 54, 'San Cayetano', 1, NULL, NULL),
(805, 13, 'San Cristobal', 1, NULL, NULL),
(806, 20, 'San Diego', 1, NULL, NULL),
(807, 15, 'San Eduardo', 1, NULL, NULL),
(808, 13, 'San Estanislao', 1, NULL, NULL),
(809, 13, 'San Fernando', 1, NULL, NULL),
(810, 5, 'San Francisco', 1, NULL, NULL),
(811, 25, 'San Francisco', 1, NULL, NULL),
(812, 86, 'San Francisco', 1, NULL, NULL),
(813, 68, 'San Gíl', 1, NULL, NULL),
(814, 13, 'San Jacinto', 1, NULL, NULL),
(815, 13, 'San Jacinto del Cauca', 1, NULL, NULL),
(816, 5, 'San Jerónimo', 1, NULL, NULL),
(817, 68, 'San Joaquín', 1, NULL, NULL),
(818, 17, 'San José', 1, NULL, NULL),
(819, 68, 'San José de Miranda', 1, NULL, NULL),
(820, 5, 'San José de Montaña', 1, NULL, NULL),
(821, 15, 'San José de Pare', 1, NULL, NULL),
(822, 23, 'San José de Uré', 1, NULL, NULL),
(823, 18, 'San José del Fragua', 1, NULL, NULL),
(824, 95, 'San José del Guaviare', 1, NULL, NULL),
(825, 27, 'San José del Palmar', 1, NULL, NULL),
(826, 50, 'San Juan de Arama', 1, NULL, NULL),
(827, 70, 'San Juan de Betulia', 1, NULL, NULL),
(828, 13, 'San Juan de Nepomuceno', 1, NULL, NULL),
(829, 52, 'San Juan de Pasto', 1, NULL, NULL),
(830, 25, 'San Juan de Río Seco', 1, NULL, NULL),
(831, 5, 'San Juan de Urabá', 1, NULL, NULL),
(832, 44, 'San Juan del Cesar', 1, NULL, NULL),
(833, 50, 'San Juanito', 1, NULL, NULL),
(834, 52, 'San Lorenzo', 1, NULL, NULL),
(835, 73, 'San Luis', 1, NULL, NULL),
(836, 5, 'San Luís', 1, NULL, NULL),
(837, 15, 'San Luís de Gaceno', 1, NULL, NULL),
(838, 85, 'San Luís de Palenque', 1, NULL, NULL),
(839, 70, 'San Marcos', 1, NULL, NULL),
(840, 20, 'San Martín', 1, NULL, NULL),
(841, 50, 'San Martín', 1, NULL, NULL),
(842, 13, 'San Martín de Loba', 1, NULL, NULL),
(843, 15, 'San Mateo', 1, NULL, NULL),
(844, 68, 'San Miguel', 1, NULL, NULL),
(845, 86, 'San Miguel', 1, NULL, NULL),
(846, 15, 'San Miguel de Sema', 1, NULL, NULL),
(847, 70, 'San Onofre', 1, NULL, NULL),
(848, 13, 'San Pablo', 1, NULL, NULL),
(849, 52, 'San Pablo', 1, NULL, NULL),
(850, 15, 'San Pablo de Borbur', 1, NULL, NULL),
(851, 5, 'San Pedro', 1, NULL, NULL),
(852, 70, 'San Pedro', 1, NULL, NULL),
(853, 76, 'San Pedro', 1, NULL, NULL),
(854, 52, 'San Pedro de Cartago', 1, NULL, NULL),
(855, 5, 'San Pedro de Urabá', 1, NULL, NULL),
(856, 23, 'San Pelayo', 1, NULL, NULL),
(857, 5, 'San Rafael', 1, NULL, NULL),
(858, 5, 'San Roque', 1, NULL, NULL),
(859, 19, 'San Sebastián', 1, NULL, NULL),
(860, 47, 'San Sebastián de Buenavista', 1, NULL, NULL),
(861, 5, 'San Vicente', 1, NULL, NULL),
(862, 18, 'San Vicente del Caguán', 1, NULL, NULL),
(863, 68, 'San Vicente del Chucurí', 1, NULL, NULL),
(864, 47, 'San Zenón', 1, NULL, NULL),
(865, 52, 'Sandoná', 1, NULL, NULL),
(866, 47, 'Santa Ana', 1, NULL, NULL),
(867, 5, 'Santa Bárbara', 1, NULL, NULL),
(868, 68, 'Santa Bárbara', 1, NULL, NULL),
(869, 52, 'Santa Bárbara (Iscuandé)', 1, NULL, NULL),
(870, 47, 'Santa Bárbara de Pinto', 1, NULL, NULL),
(871, 13, 'Santa Catalina', 1, NULL, NULL),
(872, 5, 'Santa Fé de Antioquia', 1, NULL, NULL),
(873, 27, 'Santa Genoveva de Docorodó', 1, NULL, NULL),
(874, 68, 'Santa Helena del Opón', 1, NULL, NULL),
(875, 73, 'Santa Isabel', 1, NULL, NULL),
(876, 8, 'Santa Lucía', 1, NULL, NULL),
(877, 47, 'Santa Marta', 1, NULL, NULL),
(878, 15, 'Santa María', 1, NULL, NULL),
(879, 41, 'Santa María', 1, NULL, NULL),
(880, 13, 'Santa Rosa', 1, NULL, NULL),
(881, 19, 'Santa Rosa', 1, NULL, NULL),
(882, 66, 'Santa Rosa de Cabal', 1, NULL, NULL),
(883, 5, 'Santa Rosa de Osos', 1, NULL, NULL),
(884, 15, 'Santa Rosa de Viterbo', 1, NULL, NULL),
(885, 13, 'Santa Rosa del Sur', 1, NULL, NULL),
(886, 99, 'Santa Rosalía', 1, NULL, NULL),
(887, 15, 'Santa Sofía', 1, NULL, NULL),
(888, 15, 'Santana', 1, NULL, NULL),
(889, 19, 'Santander de Quilichao', 1, NULL, NULL),
(890, 54, 'Santiago', 1, NULL, NULL),
(891, 86, 'Santiago', 1, NULL, NULL),
(892, 5, 'Santo Domingo', 1, NULL, NULL),
(893, 8, 'Santo Tomás', 1, NULL, NULL),
(894, 5, 'Santuario', 1, NULL, NULL),
(895, 66, 'Santuario', 1, NULL, NULL),
(896, 52, 'Sapuyes', 1, NULL, NULL),
(897, 81, 'Saravena', 1, NULL, NULL),
(898, 54, 'Sardinata', 1, NULL, NULL),
(899, 25, 'Sasaima', 1, NULL, NULL),
(900, 15, 'Sativanorte', 1, NULL, NULL),
(901, 15, 'Sativasur', 1, NULL, NULL),
(902, 5, 'Segovia', 1, NULL, NULL),
(903, 25, 'Sesquilé', 1, NULL, NULL),
(904, 76, 'Sevilla', 1, NULL, NULL),
(905, 15, 'Siachoque', 1, NULL, NULL),
(906, 25, 'Sibaté', 1, NULL, NULL),
(907, 86, 'Sibundoy', 1, NULL, NULL),
(908, 54, 'Silos', 1, NULL, NULL),
(909, 25, 'Silvania', 1, NULL, NULL),
(910, 19, 'Silvia', 1, NULL, NULL),
(911, 68, 'Simacota', 1, NULL, NULL),
(912, 25, 'Simijaca', 1, NULL, NULL),
(913, 13, 'Simití', 1, NULL, NULL),
(914, 70, 'Sincelejo', 1, NULL, NULL),
(915, 70, 'Sincé', 1, NULL, NULL),
(916, 27, 'Sipí', 1, NULL, NULL),
(917, 47, 'Sitionuevo', 1, NULL, NULL),
(918, 25, 'Soacha', 1, NULL, NULL),
(919, 15, 'Soatá', 1, NULL, NULL),
(920, 15, 'Socha', 1, NULL, NULL),
(921, 68, 'Socorro', 1, NULL, NULL),
(922, 15, 'Socotá', 1, NULL, NULL),
(923, 15, 'Sogamoso', 1, NULL, NULL),
(924, 18, 'Solano', 1, NULL, NULL),
(925, 8, 'Soledad', 1, NULL, NULL),
(926, 18, 'Solita', 1, NULL, NULL),
(927, 15, 'Somondoco', 1, NULL, NULL),
(928, 5, 'Sonsón', 1, NULL, NULL),
(929, 5, 'Sopetrán', 1, NULL, NULL),
(930, 13, 'Soplaviento', 1, NULL, NULL),
(931, 25, 'Sopó', 1, NULL, NULL),
(932, 15, 'Sora', 1, NULL, NULL),
(933, 15, 'Soracá', 1, NULL, NULL),
(934, 15, 'Sotaquirá', 1, NULL, NULL),
(935, 19, 'Sotara (Paispamba)', 1, NULL, NULL),
(936, 52, 'Sotomayor (Los Andes)', 1, NULL, NULL),
(937, 68, 'Suaita', 1, NULL, NULL),
(938, 8, 'Suan', 1, NULL, NULL),
(939, 41, 'Suaza', 1, NULL, NULL),
(940, 25, 'Subachoque', 1, NULL, NULL),
(941, 19, 'Sucre', 1, NULL, NULL),
(942, 68, 'Sucre', 1, NULL, NULL),
(943, 70, 'Sucre', 1, NULL, NULL),
(944, 25, 'Suesca', 1, NULL, NULL),
(945, 25, 'Supatá', 1, NULL, NULL),
(946, 17, 'Supía', 1, NULL, NULL),
(947, 68, 'Suratá', 1, NULL, NULL),
(948, 25, 'Susa', 1, NULL, NULL),
(949, 15, 'Susacón', 1, NULL, NULL),
(950, 15, 'Sutamarchán', 1, NULL, NULL),
(951, 25, 'Sutatausa', 1, NULL, NULL),
(952, 15, 'Sutatenza', 1, NULL, NULL),
(953, 19, 'Suárez', 1, NULL, NULL),
(954, 73, 'Suárez', 1, NULL, NULL),
(955, 85, 'Sácama', 1, NULL, NULL),
(956, 15, 'Sáchica', 1, NULL, NULL),
(957, 25, 'Tabio', 1, NULL, NULL),
(958, 27, 'Tadó', 1, NULL, NULL),
(959, 13, 'Talaigua Nuevo', 1, NULL, NULL),
(960, 20, 'Tamalameque', 1, NULL, NULL),
(961, 81, 'Tame', 1, NULL, NULL),
(962, 52, 'Taminango', 1, NULL, NULL),
(963, 52, 'Tangua', 1, NULL, NULL),
(964, 97, 'Taraira', 1, NULL, NULL),
(965, 5, 'Tarazá', 1, NULL, NULL),
(966, 41, 'Tarqui', 1, NULL, NULL),
(967, 5, 'Tarso', 1, NULL, NULL),
(968, 15, 'Tasco', 1, NULL, NULL),
(969, 85, 'Tauramena', 1, NULL, NULL),
(970, 25, 'Tausa', 1, NULL, NULL),
(971, 41, 'Tello', 1, NULL, NULL),
(972, 25, 'Tena', 1, NULL, NULL),
(973, 47, 'Tenerife', 1, NULL, NULL),
(974, 25, 'Tenjo', 1, NULL, NULL),
(975, 15, 'Tenza', 1, NULL, NULL),
(976, 54, 'Teorama', 1, NULL, NULL),
(977, 41, 'Teruel', 1, NULL, NULL),
(978, 41, 'Tesalia', 1, NULL, NULL),
(979, 25, 'Tibacuy', 1, NULL, NULL),
(980, 15, 'Tibaná', 1, NULL, NULL),
(981, 15, 'Tibasosa', 1, NULL, NULL),
(982, 25, 'Tibirita', 1, NULL, NULL),
(983, 54, 'Tibú', 1, NULL, NULL),
(984, 23, 'Tierralta', 1, NULL, NULL),
(985, 41, 'Timaná', 1, NULL, NULL),
(986, 19, 'Timbiquí', 1, NULL, NULL),
(987, 19, 'Timbío', 1, NULL, NULL),
(988, 15, 'Tinjacá', 1, NULL, NULL),
(989, 15, 'Tipacoque', 1, NULL, NULL),
(990, 13, 'Tiquisio (Puerto Rico)', 1, NULL, NULL),
(991, 5, 'Titiribí', 1, NULL, NULL),
(992, 15, 'Toca', 1, NULL, NULL),
(993, 25, 'Tocaima', 1, NULL, NULL),
(994, 25, 'Tocancipá', 1, NULL, NULL),
(995, 15, 'Toguí', 1, NULL, NULL),
(996, 5, 'Toledo', 1, NULL, NULL),
(997, 54, 'Toledo', 1, NULL, NULL),
(998, 70, 'Tolú', 1, NULL, NULL),
(999, 70, 'Tolú Viejo', 1, NULL, NULL),
(1000, 68, 'Tona', 1, NULL, NULL),
(1001, 15, 'Topagá', 1, NULL, NULL),
(1002, 25, 'Topaipí', 1, NULL, NULL),
(1003, 19, 'Toribío', 1, NULL, NULL),
(1004, 76, 'Toro', 1, NULL, NULL),
(1005, 15, 'Tota', 1, NULL, NULL),
(1006, 19, 'Totoró', 1, NULL, NULL),
(1007, 85, 'Trinidad', 1, NULL, NULL),
(1008, 76, 'Trujillo', 1, NULL, NULL),
(1009, 8, 'Tubará', 1, NULL, NULL),
(1010, 23, 'Tuchín', 1, NULL, NULL),
(1011, 76, 'Tulúa', 1, NULL, NULL),
(1012, 52, 'Tumaco', 1, NULL, NULL),
(1013, 15, 'Tunja', 1, NULL, NULL),
(1014, 15, 'Tunungua', 1, NULL, NULL),
(1015, 13, 'Turbaco', 1, NULL, NULL),
(1016, 13, 'Turbaná', 1, NULL, NULL),
(1017, 5, 'Turbo', 1, NULL, NULL),
(1018, 15, 'Turmequé', 1, NULL, NULL),
(1019, 15, 'Tuta', 1, NULL, NULL),
(1020, 15, 'Tutasá', 1, NULL, NULL),
(1021, 85, 'Támara', 1, NULL, NULL),
(1022, 5, 'Támesis', 1, NULL, NULL),
(1023, 52, 'Túquerres', 1, NULL, NULL),
(1024, 25, 'Ubalá', 1, NULL, NULL),
(1025, 25, 'Ubaque', 1, NULL, NULL),
(1026, 25, 'Ubaté', 1, NULL, NULL),
(1027, 76, 'Ulloa', 1, NULL, NULL),
(1028, 25, 'Une', 1, NULL, NULL),
(1029, 27, 'Unguía', 1, NULL, NULL),
(1030, 27, 'Unión Panamericana (ÁNIMAS)', 1, NULL, NULL),
(1031, 5, 'Uramita', 1, NULL, NULL),
(1032, 50, 'Uribe', 1, NULL, NULL),
(1033, 44, 'Uribia', 1, NULL, NULL),
(1034, 5, 'Urrao', 1, NULL, NULL),
(1035, 44, 'Urumita', 1, NULL, NULL),
(1036, 8, 'Usiacuri', 1, NULL, NULL),
(1037, 5, 'Valdivia', 1, NULL, NULL),
(1038, 23, 'Valencia', 1, NULL, NULL),
(1039, 68, 'Valle de San José', 1, NULL, NULL),
(1040, 73, 'Valle de San Juan', 1, NULL, NULL),
(1041, 86, 'Valle del Guamuez', 1, NULL, NULL),
(1042, 20, 'Valledupar', 1, NULL, NULL),
(1043, 5, 'Valparaiso', 1, NULL, NULL),
(1044, 18, 'Valparaiso', 1, NULL, NULL),
(1045, 5, 'Vegachí', 1, NULL, NULL),
(1046, 73, 'Venadillo', 1, NULL, NULL),
(1047, 5, 'Venecia', 1, NULL, NULL),
(1048, 25, 'Venecia (Ospina Pérez)', 1, NULL, NULL),
(1049, 15, 'Ventaquemada', 1, NULL, NULL),
(1050, 25, 'Vergara', 1, NULL, NULL),
(1051, 76, 'Versalles', 1, NULL, NULL),
(1052, 68, 'Vetas', 1, NULL, NULL),
(1053, 25, 'Viani', 1, NULL, NULL),
(1054, 5, 'Vigía del Fuerte', 1, NULL, NULL),
(1055, 76, 'Vijes', 1, NULL, NULL),
(1056, 54, 'Villa Caro', 1, NULL, NULL),
(1057, 19, 'Villa Rica', 1, NULL, NULL),
(1058, 15, 'Villa de Leiva', 1, NULL, NULL),
(1059, 54, 'Villa del Rosario', 1, NULL, NULL),
(1060, 86, 'Villagarzón', 1, NULL, NULL),
(1061, 25, 'Villagómez', 1, NULL, NULL),
(1062, 73, 'Villahermosa', 1, NULL, NULL),
(1063, 17, 'Villamaría', 1, NULL, NULL),
(1064, 13, 'Villanueva', 1, NULL, NULL),
(1065, 44, 'Villanueva', 1, NULL, NULL),
(1066, 68, 'Villanueva', 1, NULL, NULL),
(1067, 85, 'Villanueva', 1, NULL, NULL),
(1068, 25, 'Villapinzón', 1, NULL, NULL),
(1069, 73, 'Villarrica', 1, NULL, NULL),
(1070, 50, 'Villavicencio', 1, NULL, NULL),
(1071, 41, 'Villavieja', 1, NULL, NULL),
(1072, 25, 'Villeta', 1, NULL, NULL),
(1073, 25, 'Viotá', 1, NULL, NULL),
(1074, 15, 'Viracachá', 1, NULL, NULL),
(1075, 50, 'Vista Hermosa', 1, NULL, NULL),
(1076, 17, 'Viterbo', 1, NULL, NULL),
(1077, 68, 'Vélez', 1, NULL, NULL),
(1078, 25, 'Yacopí', 1, NULL, NULL),
(1079, 52, 'Yacuanquer', 1, NULL, NULL),
(1080, 41, 'Yaguará', 1, NULL, NULL),
(1081, 5, 'Yalí', 1, NULL, NULL),
(1082, 5, 'Yarumal', 1, NULL, NULL),
(1083, 5, 'Yolombó', 1, NULL, NULL),
(1084, 5, 'Yondó (Casabe)', 1, NULL, NULL),
(1085, 85, 'Yopal', 1, NULL, NULL),
(1086, 76, 'Yotoco', 1, NULL, NULL),
(1087, 76, 'Yumbo', 1, NULL, NULL),
(1088, 13, 'Zambrano', 1, NULL, NULL),
(1089, 68, 'Zapatoca', 1, NULL, NULL),
(1090, 47, 'Zapayán (PUNTA DE PIEDRAS)', 1, NULL, NULL),
(1091, 5, 'Zaragoza', 1, NULL, NULL),
(1092, 76, 'Zarzal', 1, NULL, NULL),
(1093, 15, 'Zetaquirá', 1, NULL, NULL),
(1094, 25, 'Zipacón', 1, NULL, NULL),
(1095, 25, 'Zipaquirá', 1, NULL, NULL),
(1096, 47, 'Zona Bananera (PRADO - SEVILLA)', 1, NULL, NULL),
(1097, 54, 'Ábrego', 1, NULL, NULL),
(1098, 41, 'Íquira', 1, NULL, NULL),
(1099, 15, 'Úmbita', 1, NULL, NULL),
(1100, 25, 'Útica', 1, NULL, NULL);

-- --------------------------------------------------------

--
-- Estructura de tabla para la tabla `departamentos`
--

DROP TABLE IF EXISTS `departamentos`;
CREATE TABLE IF NOT EXISTS `departamentos` (
  `id` int(10) UNSIGNED NOT NULL AUTO_INCREMENT,
  `nombre` varchar(255) COLLATE utf8mb4_unicode_ci NOT NULL,
  `created_at` date DEFAULT NULL,
  `updated_at` date DEFAULT NULL,
  PRIMARY KEY (`id`)
) ENGINE=MyISAM AUTO_INCREMENT=100 DEFAULT CHARSET=utf8mb4 COLLATE=utf8mb4_unicode_ci;

--
-- Volcado de datos para la tabla `departamentos`
--

INSERT INTO `departamentos` (`id`, `nombre`, `created_at`, `updated_at`) VALUES
(5, 'ANTIOQUIA', NULL, NULL),
(8, 'ATLÁNTICO', NULL, NULL),
(11, 'BOGOTÁ, D.C.', NULL, NULL),
(13, 'BOLÍVAR', NULL, NULL),
(15, 'BOYACÁ', NULL, NULL),
(17, 'CALDAS', NULL, NULL),
(18, 'CAQUETÁ', NULL, NULL),
(19, 'CAUCA', NULL, NULL),
(20, 'CESAR', NULL, NULL),
(23, 'CÓRDOBA', NULL, NULL),
(25, 'CUNDINAMARCA', NULL, NULL),
(27, 'CHOCÓ', NULL, NULL),
(41, 'HUILA', NULL, NULL),
(44, 'LA GUAJIRA', NULL, NULL),
(47, 'MAGDALENA', NULL, NULL),
(50, 'META', NULL, NULL),
(52, 'NARIÑO', NULL, NULL),
(54, 'NORTE DE SANTANDER', NULL, NULL),
(63, 'QUINDIO', NULL, NULL),
(66, 'RISARALDA', NULL, NULL),
(68, 'SANTANDER', NULL, NULL),
(70, 'SUCRE', NULL, NULL),
(73, 'TOLIMA', NULL, NULL),
(76, 'VALLE DEL CAUCA', NULL, NULL),
(81, 'ARAUCA', NULL, NULL),
(85, 'CASANARE', NULL, NULL),
(86, 'PUTUMAYO', NULL, NULL),
(88, 'ARCHIPIÉLAGO DE SAN ANDRÉS, PROVIDENCIA Y SANTA CATALINA', NULL, NULL),
(91, 'AMAZONAS', NULL, NULL),
(94, 'GUAINÍA', NULL, NULL),
(95, 'GUAVIARE', NULL, NULL),
(97, 'VAUPÉS', NULL, NULL),
(99, 'VICHADA', NULL, NULL);

-- --------------------------------------------------------

--
-- Estructura de tabla para la tabla `detalles_asignacion`
--

DROP TABLE IF EXISTS `detalles_asignacion`;
CREATE TABLE IF NOT EXISTS `detalles_asignacion` (
  `id` int(10) UNSIGNED NOT NULL AUTO_INCREMENT,
  `id_user` int(11) NOT NULL,
  `id_broker` int(11) NOT NULL,
  `id_estado` int(11) NOT NULL,
  `estado` int(11) NOT NULL DEFAULT '1',
  `fecha` varchar(10) COLLATE utf8mb4_unicode_ci DEFAULT NULL,
  `hora` varchar(15) COLLATE utf8mb4_unicode_ci NOT NULL,
  `hora_registro` varchar(15) COLLATE utf8mb4_unicode_ci NOT NULL,
  `observacion` text COLLATE utf8mb4_unicode_ci NOT NULL,
  `created_at` date DEFAULT NULL,
  `updated_at` date DEFAULT NULL,
  PRIMARY KEY (`id`)
) ENGINE=MyISAM AUTO_INCREMENT=114 DEFAULT CHARSET=utf8mb4 COLLATE=utf8mb4_unicode_ci;

--
-- Volcado de datos para la tabla `detalles_asignacion`
--

INSERT INTO `detalles_asignacion` (`id`, `id_user`, `id_broker`, `id_estado`, `estado`, `fecha`, `hora`, `hora_registro`, `observacion`, `created_at`, `updated_at`) VALUES
(1, 14, 9, 1, 1, '2021-01-05', '8 AM-30', '13:24:10', 'seguimietno', '2021-01-04', '2021-01-04'),
(2, 14, 8, 4, 1, '2021-01-21', '9-0', '13:26:16', 'gfd', '2021-01-04', '2021-01-04'),
(3, 14, 9, 0, 1, '2021-01-14', '08 : 00', '13:30:35', 'sfdfds', '2021-01-04', '2021-01-04'),
(4, 14, 9, 0, 1, '2021-01-14', '08:00', '13:30:54', 'sfdfds', '2021-01-04', '2021-01-04'),
(5, 14, 8, 2, 1, '2021-01-02', '13:15', '13:31:29', 'gdf', '2021-01-04', '2021-01-04'),
(6, 16, 8, 2, 1, '2021-01-05', '07:15', '18:42:54', 'no contesta el usuario', '2021-01-04', '2021-01-04'),
(7, 139, 8, 2, 1, '2021-01-06', '11:30', '11:07:31', 'No contesta', '2021-01-05', '2021-01-05'),
(8, 139, 9, 4, 1, '2021-01-07', '08:00', '11:13:07', 'listo para faccturar', '2021-01-05', '2021-01-05'),
(9, 139, 9, 4, 1, '2021-01-07', '08:00', '11:13:25', 'listo para faccturar', '2021-01-05', '2021-01-05'),
(10, 143, 8, 2, 1, '2021-01-02', '17:00', '14:02:50', 'Se llamara para saber si esta interesado en el probrama', '2021-01-05', '2021-01-05'),
(11, 142, 8, 1, 1, '2021-01-05', '18:00', '14:47:35', 'se asigna para realizar un nuevo seguimiento', '2021-01-05', '2021-01-05'),
(12, 143, 8, 4, 1, '2021-01-06', '07:00', '16:05:42', 'Cliente acordo pagar  finalizando mes', '2021-01-05', '2021-01-05'),
(13, 139, 8, 1, 1, '2021-01-06', '12:15', '11:50:29', 'Llamar para confirmar', '2021-01-06', '2021-01-06'),
(14, 143, 8, 1, 1, '2021-01-06', '14:30', '11:57:04', 'Llamar para confirmar', '2021-01-06', '2021-01-06'),
(15, 137, 8, 4, 1, '2021-01-21', '07:00', '13:34:56', 'Acuerdo de pago', '2021-01-06', '2021-01-06'),
(16, 141, 8, 3, 1, '2021-01-07', '09:15', '15:22:26', 'El usuario no contesta', '2021-01-06', '2021-01-06'),
(100, 145, 8, 1, 1, '2021-01-15', '17:00', '15:58:07', 'Llamar para confirmar compra', '2021-01-15', '2021-01-15'),
(99, 137, 9, 6, 1, '2020-12-29', '01:00', '14:07:13', 'kjhkhj', '2021-01-15', '2021-01-15'),
(98, 137, 9, 6, 1, '2020-12-29', '08:00', '14:03:17', 'Pago aborbado', '2021-01-15', '2021-01-15'),
(97, 137, 9, 6, 1, '2021-01-16', '14:02', '14:00:58', 'pago', '2021-01-15', '2021-01-15'),
(101, 145, 8, 4, 2, NULL, '0:', '16:31:16', 'Generar factura', '2021-01-05', '2021-01-15'),
(113, 134, 9, 4, 2, '2021-01-25', '07:00', '18:51:59', 'PARA FACTURACION NIVEL A1', '2021-01-25', '2021-01-25'),
(104, 146, 8, 1, 1, '2021-01-24', '14:30', '13:08:25', 'Llamar para solicitar datos para la compra.', '2021-01-24', '2021-01-24'),
(105, 148, 147, 4, 2, '2021-01-24', '07:00', '14:59:37', 'Se procede a confirmar la venta...', '2021-01-24', '2021-01-24'),
(108, 148, 9, 6, 1, '2021-01-19', '05:36', '16:35:32', 'Se notifico el pago', '2021-01-24', '2021-01-24'),
(112, 145, 8, 6, 1, '2021-01-07', '18:02', '18:05:24', 'dxfdsafd', '2021-01-24', '2021-01-24');

-- --------------------------------------------------------

--
-- Estructura de tabla para la tabla `detalles_factura`
--

DROP TABLE IF EXISTS `detalles_factura`;
CREATE TABLE IF NOT EXISTS `detalles_factura` (
  `id` int(10) UNSIGNED NOT NULL AUTO_INCREMENT,
  `id_factura` int(11) NOT NULL,
  `cantidad` varchar(255) COLLATE utf8mb4_unicode_ci NOT NULL,
  `descripcion` text COLLATE utf8mb4_unicode_ci NOT NULL,
  `precio` varchar(255) COLLATE utf8mb4_unicode_ci NOT NULL,
  `descuento` varchar(10) COLLATE utf8mb4_unicode_ci DEFAULT NULL,
  `hora` varchar(15) COLLATE utf8mb4_unicode_ci NOT NULL,
  `created_at` date DEFAULT NULL,
  `updated_at` date DEFAULT NULL,
  PRIMARY KEY (`id`)
) ENGINE=MyISAM AUTO_INCREMENT=20 DEFAULT CHARSET=utf8mb4 COLLATE=utf8mb4_unicode_ci;

--
-- Volcado de datos para la tabla `detalles_factura`
--

INSERT INTO `detalles_factura` (`id`, `id_factura`, `cantidad`, `descripcion`, `precio`, `descuento`, `hora`, `created_at`, `updated_at`) VALUES
(1, 7, '33', 'dsfds', '32433', '0', '20:52:19', '2021-01-06', '2021-01-06'),
(2, 8, '33', 'dsfds', '32433', '0', '20:52:39', '2021-01-06', '2021-01-06'),
(3, 11, '33', 'dsfds', '32433', '0', '20:54:25', '2021-01-06', '2021-01-06'),
(4, 13, '33', 'dsfds', '32433', '0', '20:54:52', '2021-01-06', '2021-01-06'),
(5, 14, '1', 'Nivel 1', '30000', '0', '21:03:57', '2021-01-06', '2021-01-06'),
(6, 15, '1', 'Nivel A1', '300000', '10', '21:14:02', '2021-01-06', '2021-01-06'),
(7, 15, '1', 'Nivel A2', '600000', '10', '21:14:02', '2021-01-06', '2021-01-06'),
(8, 16, '1', 'Nivel 1', '30000', '0', '11:28:47', '2021-01-07', '2021-01-07'),
(9, 17, '1', 'Nivel 2', '450000', '20', '13:35:47', '2021-01-07', '2021-01-07'),
(10, 18, '1', 'Nivel C1', '1200000', '5', '11:11:59', '2021-01-13', '2021-01-13'),
(11, 19, '1', 'Level 1', '250000', '0', '11:16:22', '2021-01-13', '2021-01-13'),
(12, 22, '32', 'xvdf', '324324', NULL, '20:13:22', '2021-01-15', '2021-01-15'),
(19, 29, '1', 'nivel 1', '234567', NULL, '18:52:50', '2021-01-25', '2021-01-25'),
(18, 28, '1', 'Nivel 1', '240000', NULL, '15:42:59', '2021-01-24', '2021-01-24');

-- --------------------------------------------------------

--
-- Estructura de tabla para la tabla `empresa`
--

DROP TABLE IF EXISTS `empresa`;
CREATE TABLE IF NOT EXISTS `empresa` (
  `id` int(11) NOT NULL AUTO_INCREMENT,
  `nit` varchar(100) NOT NULL,
  `razon_social` varchar(244) NOT NULL,
  `celular` varchar(15) NOT NULL,
  PRIMARY KEY (`id`)
) ENGINE=MyISAM AUTO_INCREMENT=2 DEFAULT CHARSET=utf8;

--
-- Volcado de datos para la tabla `empresa`
--

INSERT INTO `empresa` (`id`, `nit`, `razon_social`, `celular`) VALUES
(1, '901.270.340-5', 'ESCUELA DE IDIOMAS DE BOYACA', '3008389745');

-- --------------------------------------------------------

--
-- Estructura de tabla para la tabla `estados`
--

DROP TABLE IF EXISTS `estados`;
CREATE TABLE IF NOT EXISTS `estados` (
  `id` int(11) NOT NULL AUTO_INCREMENT,
  `tipo` varchar(60) NOT NULL,
  `created_at` int(11) DEFAULT NULL,
  `updated_at` int(11) DEFAULT NULL,
  PRIMARY KEY (`id`)
) ENGINE=MyISAM AUTO_INCREMENT=12 DEFAULT CHARSET=utf8;

--
-- Volcado de datos para la tabla `estados`
--

INSERT INTO `estados` (`id`, `tipo`, `created_at`, `updated_at`) VALUES
(1, 'SEGUIMIENTO', NULL, NULL),
(2, 'NO CONTESTA', NULL, NULL),
(3, 'APAGADO', NULL, NULL),
(4, 'FACTURA', NULL, NULL),
(5, 'DESISTE', NULL, NULL),
(6, 'MATRICULADO', NULL, NULL),
(7, 'DUERA DE SERVICIO', NULL, NULL),
(8, 'VOLVER A LLAMAR', NULL, NULL),
(9, 'NUMERO EQUIVOCADO', NULL, NULL),
(10, 'DESCARTADO', NULL, NULL),
(11, 'REGISTRADO Y ASIGNADO', NULL, NULL);

-- --------------------------------------------------------

--
-- Estructura de tabla para la tabla `factura`
--

DROP TABLE IF EXISTS `factura`;
CREATE TABLE IF NOT EXISTS `factura` (
  `id` int(10) UNSIGNED NOT NULL AUTO_INCREMENT,
  `id_user` int(11) NOT NULL,
  `id_broker` int(11) NOT NULL,
  `numero_factura` varchar(255) COLLATE utf8mb4_unicode_ci NOT NULL,
  `estado` enum('pagada','no pagada','vencida','cancelada') COLLATE utf8mb4_unicode_ci NOT NULL DEFAULT 'no pagada',
  `fecha_acuerdo` varchar(10) COLLATE utf8mb4_unicode_ci NOT NULL,
  `hora` varchar(15) COLLATE utf8mb4_unicode_ci NOT NULL,
  `total` varchar(100) COLLATE utf8mb4_unicode_ci DEFAULT NULL,
  `descuento` varchar(100) COLLATE utf8mb4_unicode_ci DEFAULT NULL,
  `url` varchar(300) COLLATE utf8mb4_unicode_ci DEFAULT NULL,
  `nombre_acudiente` varchar(255) COLLATE utf8mb4_unicode_ci DEFAULT NULL,
  `documento_acudiente` varchar(255) COLLATE utf8mb4_unicode_ci DEFAULT NULL,
  `correo_acudiente` varchar(255) COLLATE utf8mb4_unicode_ci DEFAULT NULL,
  `telefono_acudiente` varchar(255) COLLATE utf8mb4_unicode_ci DEFAULT NULL,
  `created_at` date DEFAULT NULL,
  `updated_at` date DEFAULT NULL,
  PRIMARY KEY (`id`)
) ENGINE=MyISAM AUTO_INCREMENT=30 DEFAULT CHARSET=utf8mb4 COLLATE=utf8mb4_unicode_ci;

--
-- Volcado de datos para la tabla `factura`
--

INSERT INTO `factura` (`id`, `id_user`, `id_broker`, `numero_factura`, `estado`, `fecha_acuerdo`, `hora`, `total`, `descuento`, `url`, `nombre_acudiente`, `documento_acudiente`, `correo_acudiente`, `telefono_acudiente`, `created_at`, `updated_at`) VALUES
(17, 137, 8, '000000000000017', 'pagada', '2021-01-06', '13:35:47', '450000', '360000', NULL, NULL, NULL, NULL, NULL, '2021-01-07', '2021-01-07'),
(15, 137, 8, '000000000000015', 'pagada', '2021-01-08', '21:14:02', '900000', '810000', NULL, NULL, NULL, NULL, NULL, '2021-01-06', '2021-01-15'),
(16, 137, 8, '000000000000016', 'pagada', '2021-01-07', '11:28:47', '30000', '30000', NULL, NULL, NULL, NULL, NULL, '2021-01-07', '2021-01-15'),
(18, 137, 9, '000000000000017', 'pagada', '2021-01-14', '11:11:59', '1200000', '1140000', NULL, 'mariela', NULL, NULL, NULL, '2021-01-13', '2021-01-15'),
(19, 137, 9, '000000000000018', 'pagada', '2021-01-14', '11:16:22', '250000', '250000', NULL, 'Mario', '79915348', 'marioboyaca@gmail.com', '3134271274', '2021-01-13', '2021-01-15'),
(29, 134, 9, '000000000000023', 'no pagada', '2021-01-26', '18:52:50', '234567', NULL, NULL, NULL, NULL, NULL, NULL, '2021-01-25', '2021-01-25'),
(22, 145, 8, '000000000000021', 'pagada', '2021-01-21', '20:13:22', '324324', NULL, NULL, NULL, NULL, NULL, NULL, '2021-01-15', '2021-01-24'),
(28, 148, 9, '000000000000022', 'pagada', '2021-01-30', '15:42:59', '240000', NULL, NULL, NULL, NULL, NULL, NULL, '2021-01-24', '2021-01-24');

-- --------------------------------------------------------

--
-- Estructura de tabla para la tabla `matriculas`
--

DROP TABLE IF EXISTS `matriculas`;
CREATE TABLE IF NOT EXISTS `matriculas` (
  `id` int(10) UNSIGNED NOT NULL AUTO_INCREMENT,
  `id_user` int(11) NOT NULL,
  `id_broker` int(11) NOT NULL,
  `estado` varchar(255) COLLATE utf8mb4_unicode_ci NOT NULL,
  `hora_registro` varchar(15) COLLATE utf8mb4_unicode_ci NOT NULL,
  `created_at` date DEFAULT NULL,
  `updated_at` date DEFAULT NULL,
  PRIMARY KEY (`id`),
  KEY `matriculas_id_user_foreign` (`id_user`),
  KEY `matriculas_id_broker_foreign` (`id_broker`)
) ENGINE=MyISAM AUTO_INCREMENT=2 DEFAULT CHARSET=utf8mb4 COLLATE=utf8mb4_unicode_ci;

--
-- Volcado de datos para la tabla `matriculas`
--

INSERT INTO `matriculas` (`id`, `id_user`, `id_broker`, `estado`, `hora_registro`, `created_at`, `updated_at`) VALUES
(1, 145, 147, '1', '18:05:24', '2021-01-24', '2021-01-24');

-- --------------------------------------------------------

--
-- Estructura de tabla para la tabla `migrations`
--

DROP TABLE IF EXISTS `migrations`;
CREATE TABLE IF NOT EXISTS `migrations` (
  `id` int(10) UNSIGNED NOT NULL AUTO_INCREMENT,
  `migration` varchar(255) COLLATE utf8mb4_unicode_ci NOT NULL,
  `batch` int(11) NOT NULL,
  PRIMARY KEY (`id`)
) ENGINE=MyISAM AUTO_INCREMENT=16 DEFAULT CHARSET=utf8mb4 COLLATE=utf8mb4_unicode_ci;

--
-- Volcado de datos para la tabla `migrations`
--

INSERT INTO `migrations` (`id`, `migration`, `batch`) VALUES
(1, '2014_08_00_002421_add_table_rol', 1),
(2, '2014_09_04_151444_add_table_departamentos', 1),
(3, '2014_09_05_151455_add_table_ciudades', 1),
(4, '2014_10_10_000000_add_table_tipo_documento', 1),
(5, '2014_10_11_000000_add_table_rh', 1),
(6, '2014_10_12_000000_create_users_table', 1),
(7, '2020_12_05_002453_add_table_type_users', 1),
(8, '2020_12_19_233301_add_table_fuentes_ingreso', 2),
(9, '2021_01_02_183704_add_table_asignacion_seguimiento_controller', 3),
(10, '2021_01_04_170727_add_table_detalles_asignacion', 4),
(11, '2021_01_06_184626_add_table_migration', 5),
(12, '2021_01_06_185052_add_table_detalles_factura', 5),
(13, '2021_01_16_003438_add_table_niveles', 6),
(15, '2021_01_24_223130_add_table_matricula', 7);

-- --------------------------------------------------------

--
-- Estructura de tabla para la tabla `niveles`
--

DROP TABLE IF EXISTS `niveles`;
CREATE TABLE IF NOT EXISTS `niveles` (
  `id` int(10) UNSIGNED NOT NULL AUTO_INCREMENT,
  `nombre` varchar(255) COLLATE utf8mb4_unicode_ci NOT NULL,
  `created_at` date DEFAULT NULL,
  `updated_at` date DEFAULT NULL,
  PRIMARY KEY (`id`)
) ENGINE=MyISAM AUTO_INCREMENT=6 DEFAULT CHARSET=utf8mb4 COLLATE=utf8mb4_unicode_ci;

--
-- Volcado de datos para la tabla `niveles`
--

INSERT INTO `niveles` (`id`, `nombre`, `created_at`, `updated_at`) VALUES
(1, 'A1', NULL, NULL),
(2, 'A2', NULL, NULL),
(3, 'B1', NULL, NULL),
(4, 'B2', NULL, NULL),
(5, 'C1', NULL, NULL);

-- --------------------------------------------------------

--
-- Estructura de tabla para la tabla `origen`
--

DROP TABLE IF EXISTS `origen`;
CREATE TABLE IF NOT EXISTS `origen` (
  `id` int(10) UNSIGNED NOT NULL AUTO_INCREMENT,
  `tipo` varchar(255) COLLATE utf8mb4_unicode_ci NOT NULL,
  `created_at` date DEFAULT NULL,
  `updated_at` date DEFAULT NULL,
  PRIMARY KEY (`id`)
) ENGINE=MyISAM AUTO_INCREMENT=8 DEFAULT CHARSET=utf8mb4 COLLATE=utf8mb4_unicode_ci;

--
-- Volcado de datos para la tabla `origen`
--

INSERT INTO `origen` (`id`, `tipo`, `created_at`, `updated_at`) VALUES
(1, 'FACEBOOK', NULL, NULL),
(2, 'INSTAGRAN', NULL, NULL),
(3, 'PAGINA', NULL, NULL),
(4, 'MESSENGER', NULL, NULL),
(5, 'WHATSAPP', NULL, NULL),
(6, 'LLAMADA', NULL, NULL),
(7, 'REFERIDO', NULL, NULL);

-- --------------------------------------------------------

--
-- Estructura de tabla para la tabla `rh`
--

DROP TABLE IF EXISTS `rh`;
CREATE TABLE IF NOT EXISTS `rh` (
  `id` int(10) UNSIGNED NOT NULL AUTO_INCREMENT,
  `tipo` varchar(255) COLLATE utf8mb4_unicode_ci NOT NULL,
  `created_at` date DEFAULT NULL,
  `updated_at` date DEFAULT NULL,
  PRIMARY KEY (`id`)
) ENGINE=MyISAM AUTO_INCREMENT=9 DEFAULT CHARSET=utf8mb4 COLLATE=utf8mb4_unicode_ci;

--
-- Volcado de datos para la tabla `rh`
--

INSERT INTO `rh` (`id`, `tipo`, `created_at`, `updated_at`) VALUES
(1, 'AB+', NULL, NULL),
(2, 'AB-', NULL, NULL),
(3, 'A+', NULL, NULL),
(4, 'A-', NULL, NULL),
(5, 'B+', NULL, NULL),
(6, 'B-', NULL, NULL),
(7, 'O+', NULL, NULL),
(8, 'O-', NULL, NULL);

-- --------------------------------------------------------

--
-- Estructura de tabla para la tabla `rol`
--

DROP TABLE IF EXISTS `rol`;
CREATE TABLE IF NOT EXISTS `rol` (
  `id` int(10) UNSIGNED NOT NULL AUTO_INCREMENT,
  `tipo` varchar(255) COLLATE utf8mb4_unicode_ci NOT NULL,
  `created_at` date DEFAULT NULL,
  `updated_at` date DEFAULT NULL,
  PRIMARY KEY (`id`)
) ENGINE=MyISAM AUTO_INCREMENT=7 DEFAULT CHARSET=utf8mb4 COLLATE=utf8mb4_unicode_ci;

--
-- Volcado de datos para la tabla `rol`
--

INSERT INTO `rol` (`id`, `tipo`, `created_at`, `updated_at`) VALUES
(1, 'SUPER ADMIN', NULL, NULL),
(2, 'ADMINISTRATIVO', NULL, NULL),
(3, 'ADMISIONES', NULL, NULL),
(4, 'ACADEMICO', NULL, NULL),
(5, 'CARTERA', NULL, NULL),
(6, 'CLIENTE', NULL, NULL);

-- --------------------------------------------------------

--
-- Estructura de tabla para la tabla `tipo_documento`
--

DROP TABLE IF EXISTS `tipo_documento`;
CREATE TABLE IF NOT EXISTS `tipo_documento` (
  `id` int(10) UNSIGNED NOT NULL AUTO_INCREMENT,
  `tipo` varchar(255) COLLATE utf8mb4_unicode_ci NOT NULL,
  `sigla` varchar(5) COLLATE utf8mb4_unicode_ci DEFAULT NULL,
  `created_at` date DEFAULT NULL,
  `updated_at` date DEFAULT NULL,
  PRIMARY KEY (`id`)
) ENGINE=MyISAM AUTO_INCREMENT=8 DEFAULT CHARSET=utf8mb4 COLLATE=utf8mb4_unicode_ci;

--
-- Volcado de datos para la tabla `tipo_documento`
--

INSERT INTO `tipo_documento` (`id`, `tipo`, `sigla`, `created_at`, `updated_at`) VALUES
(1, 'RC - Registro Civil', 'RC', NULL, NULL),
(2, 'TI - Tarjeta de identidad', 'TI', NULL, NULL),
(3, 'CC - Cédula de ciudadanía', 'CC', NULL, NULL),
(4, 'CE - Cédula de extranjería', 'CE', NULL, NULL),
(5, 'PA - Pasaporte', 'PA', NULL, NULL),
(6, 'MS - Menor sin identificación', 'MS', NULL, NULL),
(7, 'AS - Adulto sin identidad.', 'AS', NULL, NULL);

-- --------------------------------------------------------

--
-- Estructura de tabla para la tabla `type_user`
--

DROP TABLE IF EXISTS `type_user`;
CREATE TABLE IF NOT EXISTS `type_user` (
  `id` int(10) UNSIGNED NOT NULL AUTO_INCREMENT,
  `id_user` int(11) NOT NULL,
  `id_rol` int(11) NOT NULL,
  `created_at` date DEFAULT NULL,
  `updated_at` date DEFAULT NULL,
  `hora` varchar(15) COLLATE utf8mb4_unicode_ci DEFAULT NULL,
  PRIMARY KEY (`id`)
) ENGINE=MyISAM AUTO_INCREMENT=164 DEFAULT CHARSET=utf8mb4 COLLATE=utf8mb4_unicode_ci;

--
-- Volcado de datos para la tabla `type_user`
--

INSERT INTO `type_user` (`id`, `id_user`, `id_rol`, `created_at`, `updated_at`, `hora`) VALUES
(1, 1, 1, NULL, NULL, NULL),
(160, 1, 4, NULL, NULL, NULL),
(3, 9, 2, '2020-12-30', '2020-12-30', NULL),
(4, 10, 6, '2020-12-31', '2020-12-31', NULL),
(5, 11, 6, '2021-01-02', '2021-01-02', NULL),
(6, 12, 6, '2021-01-02', '2021-01-02', NULL),
(7, 13, 6, '2021-01-02', '2021-01-02', NULL),
(8, 14, 6, '2021-01-02', '2021-01-02', NULL),
(10, 16, 6, '2021-01-02', '2021-01-02', NULL),
(11, 17, 6, '2021-01-02', '2021-01-02', NULL),
(12, 18, 6, '2021-01-02', '2021-01-02', NULL),
(13, 19, 6, '2021-01-02', '2021-01-02', NULL),
(14, 22, 6, '2021-01-04', '2021-01-04', NULL),
(15, 24, 6, '2021-01-05', '2021-01-05', NULL),
(16, 25, 6, '2021-01-05', '2021-01-05', NULL),
(17, 26, 6, '2021-01-05', '2021-01-05', NULL),
(18, 27, 6, '2021-01-05', '2021-01-05', NULL),
(19, 28, 6, '2021-01-05', '2021-01-05', NULL),
(20, 29, 6, '2021-01-05', '2021-01-05', NULL),
(21, 30, 6, '2021-01-05', '2021-01-05', NULL),
(22, 31, 6, '2021-01-05', '2021-01-05', NULL),
(23, 32, 6, '2021-01-05', '2021-01-05', NULL),
(24, 33, 6, '2021-01-05', '2021-01-05', NULL),
(25, 34, 6, '2021-01-05', '2021-01-05', NULL),
(26, 35, 6, '2021-01-05', '2021-01-05', NULL),
(27, 36, 6, '2021-01-05', '2021-01-05', NULL),
(28, 37, 6, '2021-01-05', '2021-01-05', NULL),
(29, 38, 6, '2021-01-05', '2021-01-05', NULL),
(30, 39, 6, '2021-01-05', '2021-01-05', NULL),
(31, 40, 6, '2021-01-05', '2021-01-05', NULL),
(32, 41, 6, '2021-01-05', '2021-01-05', NULL),
(33, 42, 6, '2021-01-05', '2021-01-05', NULL),
(34, 43, 6, '2021-01-05', '2021-01-05', NULL),
(35, 44, 6, '2021-01-05', '2021-01-05', NULL),
(36, 45, 6, '2021-01-05', '2021-01-05', NULL),
(37, 46, 6, '2021-01-05', '2021-01-05', NULL),
(38, 47, 6, '2021-01-05', '2021-01-05', NULL),
(39, 48, 6, '2021-01-05', '2021-01-05', NULL),
(40, 49, 6, '2021-01-05', '2021-01-05', NULL),
(41, 50, 6, '2021-01-05', '2021-01-05', NULL),
(42, 51, 6, '2021-01-05', '2021-01-05', NULL),
(43, 52, 6, '2021-01-05', '2021-01-05', NULL),
(44, 53, 6, '2021-01-05', '2021-01-05', NULL),
(45, 54, 6, '2021-01-05', '2021-01-05', NULL),
(46, 55, 6, '2021-01-05', '2021-01-05', NULL),
(47, 56, 6, '2021-01-05', '2021-01-05', NULL),
(48, 57, 6, '2021-01-05', '2021-01-05', NULL),
(49, 58, 6, '2021-01-05', '2021-01-05', NULL),
(50, 59, 6, '2021-01-05', '2021-01-05', NULL),
(51, 60, 6, '2021-01-05', '2021-01-05', NULL),
(52, 61, 6, '2021-01-05', '2021-01-05', NULL),
(53, 62, 6, '2021-01-05', '2021-01-05', NULL),
(54, 63, 6, '2021-01-05', '2021-01-05', NULL),
(55, 64, 6, '2021-01-05', '2021-01-05', NULL),
(56, 65, 6, '2021-01-05', '2021-01-05', NULL),
(57, 66, 6, '2021-01-05', '2021-01-05', NULL),
(58, 67, 6, '2021-01-05', '2021-01-05', NULL),
(59, 68, 6, '2021-01-05', '2021-01-05', NULL),
(60, 69, 6, '2021-01-05', '2021-01-05', NULL),
(61, 70, 6, '2021-01-05', '2021-01-05', NULL),
(62, 71, 6, '2021-01-05', '2021-01-05', NULL),
(63, 72, 6, '2021-01-05', '2021-01-05', NULL),
(64, 73, 6, '2021-01-05', '2021-01-05', NULL),
(65, 74, 6, '2021-01-05', '2021-01-05', NULL),
(66, 75, 6, '2021-01-05', '2021-01-05', NULL),
(67, 76, 6, '2021-01-05', '2021-01-05', NULL),
(68, 77, 6, '2021-01-05', '2021-01-05', NULL),
(69, 78, 6, '2021-01-05', '2021-01-05', NULL),
(70, 79, 6, '2021-01-05', '2021-01-05', NULL),
(71, 80, 6, '2021-01-05', '2021-01-05', NULL),
(72, 81, 6, '2021-01-05', '2021-01-05', NULL),
(73, 82, 6, '2021-01-05', '2021-01-05', NULL),
(74, 83, 6, '2021-01-05', '2021-01-05', NULL),
(75, 84, 6, '2021-01-05', '2021-01-05', NULL),
(76, 85, 6, '2021-01-05', '2021-01-05', NULL),
(77, 86, 6, '2021-01-05', '2021-01-05', NULL),
(78, 87, 6, '2021-01-05', '2021-01-05', NULL),
(79, 88, 6, '2021-01-05', '2021-01-05', NULL),
(80, 89, 6, '2021-01-05', '2021-01-05', NULL),
(81, 90, 6, '2021-01-05', '2021-01-05', NULL),
(82, 91, 6, '2021-01-05', '2021-01-05', NULL),
(83, 92, 6, '2021-01-05', '2021-01-05', NULL),
(84, 93, 6, '2021-01-05', '2021-01-05', NULL),
(85, 94, 6, '2021-01-05', '2021-01-05', NULL),
(86, 95, 6, '2021-01-05', '2021-01-05', NULL),
(87, 96, 6, '2021-01-05', '2021-01-05', NULL),
(88, 97, 6, '2021-01-05', '2021-01-05', NULL),
(89, 98, 6, '2021-01-05', '2021-01-05', NULL),
(90, 99, 6, '2021-01-05', '2021-01-05', NULL),
(91, 100, 6, '2021-01-05', '2021-01-05', NULL),
(92, 101, 6, '2021-01-05', '2021-01-05', NULL),
(93, 102, 6, '2021-01-05', '2021-01-05', NULL),
(94, 103, 6, '2021-01-05', '2021-01-05', NULL),
(95, 104, 6, '2021-01-05', '2021-01-05', NULL),
(96, 105, 6, '2021-01-05', '2021-01-05', NULL),
(97, 106, 6, '2021-01-05', '2021-01-05', NULL),
(98, 107, 6, '2021-01-05', '2021-01-05', NULL),
(99, 108, 6, '2021-01-05', '2021-01-05', NULL),
(100, 109, 6, '2021-01-05', '2021-01-05', NULL),
(101, 110, 6, '2021-01-05', '2021-01-05', NULL),
(102, 111, 6, '2021-01-05', '2021-01-05', NULL),
(103, 112, 6, '2021-01-05', '2021-01-05', NULL),
(104, 113, 6, '2021-01-05', '2021-01-05', NULL),
(105, 114, 6, '2021-01-05', '2021-01-05', NULL),
(106, 115, 6, '2021-01-05', '2021-01-05', NULL),
(107, 116, 6, '2021-01-05', '2021-01-05', NULL),
(108, 117, 6, '2021-01-05', '2021-01-05', NULL),
(109, 118, 6, '2021-01-05', '2021-01-05', NULL),
(110, 119, 6, '2021-01-05', '2021-01-05', NULL),
(111, 120, 6, '2021-01-05', '2021-01-05', NULL),
(112, 121, 6, '2021-01-05', '2021-01-05', NULL),
(113, 122, 6, '2021-01-05', '2021-01-05', NULL),
(114, 123, 6, '2021-01-05', '2021-01-05', NULL),
(115, 124, 6, '2021-01-05', '2021-01-05', NULL),
(116, 125, 6, '2021-01-05', '2021-01-05', NULL),
(117, 126, 6, '2021-01-05', '2021-01-05', NULL),
(118, 127, 6, '2021-01-05', '2021-01-05', NULL),
(119, 128, 6, '2021-01-05', '2021-01-05', NULL),
(120, 129, 6, '2021-01-05', '2021-01-05', NULL),
(121, 130, 6, '2021-01-05', '2021-01-05', NULL),
(122, 131, 6, '2021-01-05', '2021-01-05', NULL),
(123, 132, 6, '2021-01-05', '2021-01-05', NULL),
(124, 133, 6, '2021-01-05', '2021-01-05', NULL),
(125, 134, 6, '2021-01-05', '2021-01-05', NULL),
(126, 135, 6, '2021-01-05', '2021-01-05', NULL),
(127, 136, 6, '2021-01-05', '2021-01-05', NULL),
(128, 137, 6, '2021-01-05', '2021-01-05', NULL),
(129, 138, 6, '2021-01-05', '2021-01-05', NULL),
(130, 139, 6, '2021-01-05', '2021-01-05', NULL),
(131, 140, 6, '2021-01-05', '2021-01-05', NULL),
(132, 141, 6, '2021-01-05', '2021-01-05', NULL),
(133, 142, 6, '2021-01-05', '2021-01-05', NULL),
(134, 143, 6, '2021-01-05', '2021-01-05', NULL),
(135, 145, 6, '2021-01-15', '2021-01-15', NULL),
(136, 146, 6, '2021-01-24', '2021-01-24', NULL),
(159, 1, 3, NULL, NULL, NULL),
(138, 148, 6, '2021-01-24', '2021-01-24', NULL),
(161, 9, 3, NULL, NULL, NULL),
(162, 9, 4, NULL, NULL, NULL),
(156, 8, 3, '2021-01-25', '2021-01-25', NULL),
(147, 147, 3, '2021-01-25', '2021-01-25', NULL),
(158, 147, 4, '2021-01-25', '2021-01-25', NULL),
(163, 9, 5, NULL, NULL, NULL);

-- --------------------------------------------------------

--
-- Estructura de tabla para la tabla `users`
--

DROP TABLE IF EXISTS `users`;
CREATE TABLE IF NOT EXISTS `users` (
  `id` int(20) UNSIGNED NOT NULL AUTO_INCREMENT,
  `avatar` varchar(100) COLLATE utf8mb4_unicode_ci NOT NULL DEFAULT 'avatar.png',
  `id_estado` int(11) DEFAULT '11',
  `id_origen` int(11) DEFAULT NULL,
  `status` enum('sin_facturar') COLLATE utf8mb4_unicode_ci DEFAULT NULL,
  `estado` enum('activo','inactivo') COLLATE utf8mb4_unicode_ci NOT NULL DEFAULT 'activo',
  `id_tipo_documento` int(11) DEFAULT NULL,
  `id_rh` int(11) DEFAULT NULL,
  `id_ciudad` int(11) DEFAULT NULL,
  `nombres` varchar(255) COLLATE utf8mb4_unicode_ci DEFAULT NULL,
  `apellidos` varchar(255) COLLATE utf8mb4_unicode_ci DEFAULT NULL,
  `documento` varchar(255) COLLATE utf8mb4_unicode_ci DEFAULT NULL,
  `fecha_nacimiento` varchar(10) COLLATE utf8mb4_unicode_ci DEFAULT NULL,
  `direccion` varchar(255) COLLATE utf8mb4_unicode_ci DEFAULT NULL,
  `telefono` varchar(255) COLLATE utf8mb4_unicode_ci DEFAULT NULL,
  `email` varchar(255) COLLATE utf8mb4_unicode_ci DEFAULT NULL,
  `email_verified_at` timestamp NULL DEFAULT NULL,
  `password` varchar(255) COLLATE utf8mb4_unicode_ci DEFAULT NULL,
  `remember_token` varchar(100) COLLATE utf8mb4_unicode_ci DEFAULT NULL,
  `created_at` date DEFAULT NULL,
  `updated_at` date DEFAULT NULL,
  `hora` varchar(11) COLLATE utf8mb4_unicode_ci DEFAULT NULL,
  PRIMARY KEY (`id`),
  KEY `users_id_tipo_documento_foreign` (`id_tipo_documento`),
  KEY `users_id_rh_foreign` (`id_rh`),
  KEY `users_id_ciudad_foreign` (`id_ciudad`)
) ENGINE=MyISAM AUTO_INCREMENT=149 DEFAULT CHARSET=utf8mb4 COLLATE=utf8mb4_unicode_ci;

--
-- Volcado de datos para la tabla `users`
--

INSERT INTO `users` (`id`, `avatar`, `id_estado`, `id_origen`, `status`, `estado`, `id_tipo_documento`, `id_rh`, `id_ciudad`, `nombres`, `apellidos`, `documento`, `fecha_nacimiento`, `direccion`, `telefono`, `email`, `email_verified_at`, `password`, `remember_token`, `created_at`, `updated_at`, `hora`) VALUES
(1, 'default.png', 11, NULL, 'sin_facturar', 'activo', 1, 4, 28, 'Innovation', 'Language School', '0000000000', NULL, 'Bogota', NULL, 'info@innovationlanguageschool.com', NULL, '$2y$12$CqqeUMwCuHwRyDXoZRLDOu2QZrYG1EjZu0CRNEtUe7fkkQ9KwElFy', NULL, NULL, NULL, NULL),
(9, 'default.png', 11, NULL, 'sin_facturar', 'activo', 3, NULL, 29, 'ESTEFANIA', 'AROCAS PASADAS', '938205580', NULL, NULL, NULL, 'africa@altecom.es', NULL, '$2y$10$uABT2/mUZLjXg9nkBlG6n.f4ZzUzBZClHPcUhcwviC8tONpaAhbNe', NULL, '2020-12-30', '2020-12-30', NULL),
(8, 'default.png', 11, NULL, 'sin_facturar', 'inactivo', 3, NULL, 28, 'CARMENZA', 'RAMIREZ', '102551545', NULL, 'fdsafds', '213213', 'carmenza02@gmail.com', NULL, '$2y$10$FDecriVpu1VUKdW58iOxzOSWhTLxbeUsjTUFBE9aor1p7DwCvQfr2', NULL, '2020-12-30', '2021-01-25', NULL),
(10, 'default.png', 11, NULL, 'sin_facturar', 'activo', 4, NULL, 48, 'QUERALT STEVEN', 'VISO GILABERT', '936545115', NULL, NULL, '649212123', 'agata@hotmail.com', NULL, '$2y$10$1FfKBSHQkNshhmZ5vOfL8Opv3ld7uKbRXM1g7gdBzWCoVH391w.ma', NULL, '2020-12-31', '2020-12-31', '08:20:50'),
(11, 'default.png', 11, NULL, 'sin_facturar', 'activo', 2, NULL, 48, 'JOAN', 'AYALA FERRERAS', '938202768', NULL, NULL, '649212123', 'joanayala@gmail.com', NULL, '$2y$10$OY91tR1GuLWG3oVaicK4R.9dBNJ0BaJ61b59rKNukN2j24OJO1UbS', NULL, '2021-01-02', '2021-01-02', '09:50:50'),
(12, 'default.png', 11, NULL, 'sin_facturar', 'activo', 2, NULL, 94, 'BAEZ TEJADO', 'Albatros', '938727844', NULL, NULL, '31645121212', 'albatros@wandoo.es', NULL, '$2y$10$o0iTpFYQB9zqZ.nzkuo6w.X6e9uOgev0T38PA5VmURnZVwbp12Sju', NULL, '2021-01-02', '2021-01-02', '10:50:50'),
(13, 'default.png', 11, NULL, 'sin_facturar', 'activo', 2, NULL, 59, 'MARC', 'BASTARDES SOTO', '938350521', NULL, NULL, '3163254874', 'albert@intercom.es', NULL, '$2y$10$rfhvunrpoTRlug6qaN1/N.MnGHpyOX9FyZ2DPgqi2Dg8ELThBrvaW', NULL, '2021-01-02', '2021-01-02', '14:32:01'),
(14, 'default.png', 11, NULL, 'sin_facturar', 'activo', 2, NULL, 59, 'MARC', 'BASTARDES SOTO', '938350521', NULL, NULL, '3163254874', 'albert@intercom.es', NULL, '$2y$10$0xbVhrgiW/FCNcYrHDnhEOpmD9iWW0sLmNnjCZ/5QABYgmJrZrJ9.', NULL, '2021-01-02', '2021-01-02', '14:37:35'),
(16, 'default.png', 11, NULL, 'sin_facturar', 'activo', 2, NULL, 326, 'felipe', 'romero', '321313255676', NULL, NULL, '3123564646', 'felipe@gmail.com', NULL, '$2y$10$ZWWKchlzsAu6jYH0O44REeVdY6dOTxUrimXwsr2auuwSthFRBmple', NULL, '2021-01-02', '2021-01-02', '14:39:49'),
(18, 'default.png', 11, NULL, 'sin_facturar', 'activo', 2, NULL, 67, 'juliana', 'jimenez', '10245835665', NULL, NULL, '3125896547', 'juli@gmail.com', NULL, '$2y$10$bNjEm0IwfTONwyF27mGifOZfJxyvCNbvNz3obWjdiRzBCijid67UG', NULL, '2021-01-02', '2021-01-02', '17:08:40'),
(19, 'default.png', 11, NULL, 'sin_facturar', 'activo', 3, NULL, 94, 'brayan', 'nova', '10253322', NULL, NULL, '312569635', 'brayan@gmail.com', NULL, '$2y$10$EhwI2V1aC.CQUxajsVkw7u.I9icsa1Ma6OBdrCI5HWDIISKMiezB6', NULL, '2021-01-02', '2021-01-02', '17:10:57'),
(20, 'default.png', 11, NULL, 'sin_facturar', 'activo', NULL, NULL, NULL, NULL, NULL, NULL, NULL, NULL, NULL, NULL, NULL, '$2y$10$o3PIIfAsMyE6pm.iDDDh5eo2gUuuKPrMJup7bE6xWoRJ7/7IbFFrm', NULL, '2021-01-04', '2021-01-04', '15:48:42'),
(21, 'default.png', 11, NULL, 'sin_facturar', 'activo', NULL, NULL, NULL, NULL, NULL, NULL, NULL, NULL, NULL, NULL, NULL, '$2y$10$RVG1LzuHyR9fuhp2ROwn7ehY2W7QNKqacJmriKMD2SHaQ49Y1H3TC', NULL, '2021-01-04', '2021-01-04', '15:50:14'),
(22, 'default.png', 11, NULL, 'sin_facturar', 'activo', 3, NULL, NULL, 'MARIANA', 'MOLINA', '10245897987', NULL, 'TUnja', '5646446465', 'mariana@gmail.com.com', NULL, '$2y$10$1nT9zYRwYHeH.pr6TjKDuuVHj2VgDXDIsxIuPhn.zyI8LtILCl4VW', NULL, '2021-01-04', '2021-01-04', '19:55:23'),
(24, 'default.png', 11, 1, 'sin_facturar', 'activo', 2, NULL, NULL, 'ESTEFANIA', 'AROCAS PASADAS', '938205580', NULL, 'PADRÓ , 109', '546212121', 'africa@altecom.es', NULL, '$2y$10$d2gYmLzLkjiH8K9iQwjF.ug0koYwxloi2R1/JOnf2iS2uTOiSS1NW', NULL, '2021-01-05', '2021-01-05', '10:45:08'),
(25, 'default.png', 11, NULL, 'sin_facturar', 'activo', 3, NULL, NULL, 'QUERALT', 'VISO GILABERT', '936545115', NULL, 'CASA CORDELLAS , ', '625215452', 'agata@hotmail.com', NULL, '$2y$10$X9XWVit6gmZnO0v9U2vGLuOvpBYKXOmvUMRSxPAbcnIqDQwXkgml.', NULL, '2021-01-05', '2021-01-05', '10:45:08'),
(26, 'default.png', 11, 3, 'sin_facturar', 'activo', 4, NULL, NULL, 'JOAN', 'AYALA FERRERAS', '938202768', NULL, 'DOCTOR FLEMING , 11', '649212123', NULL, NULL, '$2y$10$MryKFOAxZwl/ua.QakBSTOnEudG761XBTNrGnSWM79Oir/zCKm9PW', NULL, '2021-01-05', '2021-01-05', '10:45:09'),
(27, 'default.png', 11, 4, 'sin_facturar', 'activo', 5, NULL, NULL, 'JOAN', 'BAEZ TEJADO', '938727844', NULL, 'BERTRAND I SERRA , 11, 3R.', NULL, 'albatros@wandoo.es', NULL, '$2y$10$EmEyNiBu5oEDrYz5FrP0xOgz/BEt3vrsfibRolkfKFuiBWv78K/32', NULL, '2021-01-05', '2021-01-05', '10:45:10'),
(28, 'default.png', 11, 5, 'sin_facturar', 'activo', 2, NULL, NULL, 'MARC', 'BASTARDES SOTO', '938350521', NULL, 'CARRIÓ , 12, 5È A', NULL, 'albert@intercom.es', NULL, '$2y$10$8HJgugGmFqRdJyy8mhQNNu4y1eFaxhi5eFOBzlmM3vGlSPf/YgsGe', NULL, '2021-01-05', '2021-01-05', '10:45:11'),
(29, 'default.png', 11, 6, 'sin_facturar', 'activo', 3, NULL, NULL, 'JOSEP', 'ANGUERA VILAFRANCA', '938755645', NULL, 'PIRINEUS , 10', NULL, 'alien@intercom.es', NULL, '$2y$10$lSTcfwJ3kb9VG2aT00PTzuUPjp5ja/YB6XlYmlIBW5tij8Dsf21qy', NULL, '2021-01-05', '2021-01-05', '10:45:12'),
(30, 'default.png', 11, 7, 'sin_facturar', 'activo', 4, NULL, NULL, 'ESTHER', 'PASCUAL ALOY', '936520547', NULL, 'JACINT VERDAGUER , 43', NULL, 'amores@hotmail.com', NULL, '$2y$10$65hFLzhbYSHniWL0FkoY9.TM4mNDWkYYkUXC.e5a6mzQjQMCnuLf.', NULL, '2021-01-05', '2021-01-05', '10:45:12'),
(31, 'default.png', 11, 1, 'sin_facturar', 'activo', 5, NULL, NULL, 'LAURA', 'VALLÉS GIRVENT', '936565656', NULL, 'NOU , 9, 2N.', '645121212', 'anabel@altecom.es', NULL, '$2y$10$D4agBTPnrIWnPOp4XzlnNujCL9C0Uh36jy.jw55nD5xa2Cz8DZQXu', NULL, '2021-01-05', '2021-01-05', '10:45:13'),
(32, 'default.png', 11, NULL, 'sin_facturar', 'activo', 2, NULL, NULL, 'RAQUEL', 'RAYA GARCIA', '936752156', NULL, 'JACINT VERDAGUER , 52, 3R, 1A.', NULL, 'antiga@minorisa.es', NULL, '$2y$10$ZV1J.pyJggKF54FMj0rTROL1uzn18IT4T1Plqe.Z2tZKkk0SYz5Vi', NULL, '2021-01-05', '2021-01-05', '10:45:14'),
(33, 'default.png', 11, 3, 'sin_facturar', 'activo', 3, NULL, NULL, 'JOAN', 'ANDREU CRUZ', '938300025', NULL, 'JOAN MIRÓ , 10', '648221111', 'ballador@hotmail.com', NULL, '$2y$10$KUz4VdJWcRZszWjYLDeiXOVwnc1W4HLJiHcl55uvPrFcumghbf4qa', NULL, '2021-01-05', '2021-01-05', '10:45:15'),
(34, 'default.png', 11, 4, 'sin_facturar', 'activo', 4, NULL, NULL, 'MARIA ISABEL', 'BARALDÉS COMAS', '938385567', NULL, 'JAUME GALOBART , 12', '658444412', 'balladora@altecom.es', NULL, '$2y$10$QXUc2adT14.weUBG/KJ5s.5OSy1eLTQflheS9Rw3tKbmApsJGm31y', NULL, '2021-01-05', '2021-01-05', '10:45:16'),
(35, 'default.png', 11, 5, 'sin_facturar', 'activo', 5, NULL, NULL, 'ADRIÀ', 'BERENGUERAS CULLERÉS', '937809812', NULL, 'PINTOR SERT , 12, 1R., 1A.', '654899994', 'barbilla@hotmail.com', NULL, '$2y$10$dOXr/g6kFo3Jchne5FyvGON9YZuTjiNH.XeaikjMxTRan7fm36iLy', NULL, '2021-01-05', '2021-01-05', '10:45:17'),
(36, 'default.png', 11, 6, 'sin_facturar', 'activo', 2, NULL, NULL, 'GERARD', 'LÓPEZ DE PABLO GARCIA UCEDA', '936520741', NULL, 'BELLAVISTA , 30', NULL, 'besugo@minorisa.es', NULL, '$2y$10$xy9tBkwE1CBP0RBwJcCgD.yRPBTpuULkivujJaSIDnyG4wJKKTsyS', NULL, '2021-01-05', '2021-01-05', '10:45:17'),
(37, 'default.png', 11, 7, 'sin_facturar', 'activo', 3, NULL, NULL, 'ELIOT', 'ARNAU MORENO', '938202456', NULL, 'MONTURIOL , 10, 1R.', NULL, 'bogart@terra.es', NULL, '$2y$10$SY.zQIng3VKAGHGF8y2V7ee3ZExxOPbvi3t3tf9DwRWfneHzUC9mi', NULL, '2021-01-05', '2021-01-05', '10:45:18'),
(38, 'default.png', 11, 1, 'sin_facturar', 'activo', 4, NULL, NULL, 'JORDI', 'RAYA GAVILAN', '938754554', NULL, 'JACINT VERDAGUER , 52, 2N., 4A.', NULL, 'bond@terra.es', NULL, '$2y$10$1nzgnhiWsF9M4ZNmedZDeuO/SrL75OWP1lBOnBoI/Fz4PN.9MzykC', NULL, '2021-01-05', '2021-01-05', '10:45:19'),
(39, 'default.png', 11, NULL, 'sin_facturar', 'activo', 5, NULL, NULL, 'LLUÍS', 'ZAMBUDIO FIGULS', '936875544', NULL, 'CASA NOVA , ', '625411320', NULL, NULL, '$2y$10$HuIW4UZocy8FPbPCpg1ppuuV7ZjWvMIu9PE0YP5MWxqwe/8k8zAqi', NULL, '2021-01-05', '2021-01-05', '10:45:20'),
(40, 'default.png', 11, 3, 'sin_facturar', 'activo', 2, NULL, NULL, 'LAURA', 'BIDAULT CULLERÉS', '935880712', NULL, 'DE LA CAÇA , 12, 1R., C', '690522200', 'cabeza larga@cataloniamail.com', NULL, '$2y$10$/AWJajBKtCdwRLpKoKRyt.9DvFmI2pXaHXS5H/btycLJb4mziCsVO', NULL, '2021-01-05', '2021-01-05', '10:45:21'),
(41, 'default.png', 11, 4, 'sin_facturar', 'activo', 3, NULL, NULL, 'JORDI', 'BIOSCA FONTANET', '936875255', NULL, 'PINTOR SERT , 12, 2N., 1A.', '647821111', NULL, NULL, '$2y$10$ieZ/5uJULeFfTREXCgeOW.RDxtWjRh3UzzjlhGj9sO2lZ0H0fyP.G', NULL, '2021-01-05', '2021-01-05', '10:45:21'),
(42, 'default.png', 11, 5, 'sin_facturar', 'activo', 4, NULL, NULL, 'DOUNYA', 'ZAFRA FIGULS', '936542775', NULL, 'CASA SARA , ', NULL, NULL, NULL, '$2y$10$xLMwGSZwrmHlawF0qHAmY.BjDxrO6t/G4CgHWp.aNdYzrOKgEeRJi', NULL, '2021-01-05', '2021-01-05', '10:47:05'),
(43, 'default.png', 11, 6, 'sin_facturar', 'activo', 5, NULL, NULL, 'JULIO', 'ALEU ICART', '938773545', NULL, 'ARTÈS , 1, 1R, 1A.', NULL, 'cangur@intercom.es', NULL, '$2y$10$2wnAokWpVJ1t0XrFDdGGx.Y0ZYCg4o/PqkuJp4mdA0TmPECCjtNy.', NULL, '2021-01-05', '2021-01-05', '10:47:06'),
(44, 'default.png', 11, 7, 'sin_facturar', 'activo', 2, NULL, NULL, 'ANDREU', 'BADIA TORNÉ', '938200022', NULL, 'GENERAL PRIM , 11, 2N.', NULL, NULL, NULL, '$2y$10$qA8H.8snWShAv0OT0C55b.FL7N/loKvHyiakShwjEYy2JD/mOFe5K', NULL, '2021-01-05', '2021-01-05', '10:47:06'),
(45, 'default.png', 11, 1, 'sin_facturar', 'activo', 3, NULL, NULL, 'RAMON', 'MORALES GESE', '936512545', NULL, 'CAU DE LA GUINEU , 4', NULL, NULL, NULL, '$2y$10$N/lTZYtNgCkh.GtG751jyuvP8wMMdll1FeoVKg41bUM3TLFPcL4pq', NULL, '2021-01-05', '2021-01-05', '10:47:06'),
(46, 'default.png', 11, NULL, 'sin_facturar', 'activo', 4, NULL, NULL, 'DAVID-JESE', 'BLANCO FONTANET', '937785655', NULL, 'JOAN SANMARTÍ , 12, 2N., 2A.', '632548744', 'caparranas@altecom.es', NULL, '$2y$10$fvjLLzSY5UzOx60O.5r/LemoPhOY2G0bvC2lPsbZ7cQRk5bl3OFqy', NULL, '2021-01-05', '2021-01-05', '10:47:07'),
(47, 'default.png', 11, 3, 'sin_facturar', 'activo', 5, NULL, NULL, 'ARAN', 'ALVAREZ FERNÁNDEZ', '938300385', NULL, 'PROL. PADRÓ , 1, 3R. 1A.', '632986321', NULL, NULL, '$2y$10$TnZGuZRoaIHgVAFtvbZ.s.3J1ZvsawGsgMwhcqyhRn7KimrC/IzaW', NULL, '2021-01-05', '2021-01-05', '10:47:07'),
(48, 'default.png', 11, 4, 'sin_facturar', 'activo', 2, NULL, NULL, 'GEMMA', 'GARCIA ALMOGUERA', '936520471', NULL, 'SALLENT , 22, 2N.', '647111021', NULL, NULL, '$2y$10$jjFjRuKizevokfxjwi8ys.gwh4HNuGM1PLvoY0YIU0tsR.p6L7YlS', NULL, '2021-01-05', '2021-01-05', '10:47:07'),
(49, 'default.png', 11, 5, 'sin_facturar', 'activo', 3, NULL, NULL, 'IVAN', 'LIBORI FIGUERAS', '936012445', NULL, 'JOAN MIRÓ , 3', '625481111', 'carretero@intercom.es', NULL, '$2y$10$otJYQhYirulrhlyPvRybkuJ5yaAQo0qJv1UWgJyAndAKXN3ljdFPS', NULL, '2021-01-05', '2021-01-05', '10:47:07'),
(50, 'default.png', 11, 6, 'sin_facturar', 'activo', 4, NULL, NULL, 'DAVID', 'BIDAULT PUEYO', '934500611', NULL, 'LLUÍS CASTELLS , 12, 2N.', NULL, 'cela@altecom.es', NULL, '$2y$10$bobQci2mO9mID3h9fZscreNnNZRLKhjEva8q/GdMFX5laaQNhOL7W', NULL, '2021-01-05', '2021-01-05', '10:47:08'),
(51, 'default.png', 11, 7, 'sin_facturar', 'activo', 5, NULL, NULL, 'XAVIER', 'BENITEZ JOSE', '937885544', NULL, 'SANT VALENTÍ , 12, 1R.', NULL, 'coco@hotmail.com', NULL, '$2y$10$3KSRzz67soRzB93g8aID0uyflG1BKGSr5v5ar6vhYR3v08GtooLYG', NULL, '2021-01-05', '2021-01-05', '10:47:08'),
(52, 'default.png', 11, 1, 'sin_facturar', 'activo', 2, NULL, NULL, 'MARIO', 'PASCUAL FLORES', '936512105', NULL, 'ÀNGEL GUIMERÀ , 43, 2N', NULL, 'conejo@minorisa.es', NULL, '$2y$10$lKN/2AuI4sJ9B8cUOQW60OtLLMdEsk5qAsTkr/CoGKyBHrDPZTEJe', NULL, '2021-01-05', '2021-01-05', '10:47:08'),
(53, 'default.png', 11, NULL, 'sin_facturar', 'activo', 3, NULL, NULL, 'JESUS', 'AYALA TORNÉ', '938202200', NULL, 'JAUME GALOBART , 11', NULL, 'corcel@altecom.es', NULL, '$2y$10$3/nXLD.YQIeH8H2VJeuw3.VDJ3EvyM0XkVKhqA/tFdUG/2KW6OoAC', NULL, '2021-01-05', '2021-01-05', '10:47:09'),
(54, 'default.png', 11, 3, 'sin_facturar', 'activo', 4, NULL, NULL, 'GEMMA', 'LISTAN FIGUERAS', '939965585', NULL, 'AVINGUDA TRES , 3, 1R., 1A.', NULL, NULL, NULL, '$2y$10$wyq7PBM80.RW5KIjDGw/FeX22WpyH1HeSuF8UoRHpPj3Wrvu6aGS2', NULL, '2021-01-05', '2021-01-05', '10:47:09'),
(55, 'default.png', 11, 4, 'sin_facturar', 'activo', 5, NULL, NULL, 'SILVIA', 'RASERO GAVILAN', '936541235', NULL, 'JACINT VERDAGUER , 52, 2N., 1A.', '648555214', 'curie@minorisa.es', NULL, '$2y$10$wQA.bMr8d/g2IYWB7iDc.uABAXxKIrjQ957srdhI8qzPUsvlqo.7C', NULL, '2021-01-05', '2021-01-05', '10:47:09'),
(56, 'default.png', 11, 5, 'sin_facturar', 'activo', 2, NULL, NULL, 'ALBERT', 'ARNALOT PUIG', '938204054', NULL, 'DIPUTACIÓ , 10', '621114452', 'dalí@wandoo.es', NULL, '$2y$10$6kMFA6LF4JTpuK9NTHZEA.6ONRwmIAxAiXVs9SbN0NCt7brTsIMR6', NULL, '2021-01-05', '2021-01-05', '10:47:10'),
(57, 'default.png', 11, 6, 'sin_facturar', 'activo', 3, NULL, NULL, 'MARIA', 'MOLINER GARRIDO', '936584541', NULL, 'VIC , 39, 1R., 2A.', NULL, NULL, NULL, '$2y$10$lQC607SraXKHPAl8LoUYUuLzDg/GXuPaE4/y4Lu.mqcMZrzF/ZtcW', NULL, '2021-01-05', '2021-01-05', '10:47:10'),
(58, 'default.png', 11, 7, 'sin_facturar', 'activo', 4, NULL, NULL, 'BERTA', 'GALOBART GARCIA', '934111475', NULL, 'GERMAN DURAN , 21', NULL, 'dolça@cidet.com', NULL, '$2y$10$xGiTWvKhMeHAMgFZCoESYu1Lp0L14aSN5U67LUov0wnn10qZczpdC', NULL, '2021-01-05', '2021-01-05', '10:47:10'),
(59, 'default.png', 11, 1, 'sin_facturar', 'activo', 5, NULL, NULL, 'BERTA', 'LÓPEZ GARRIGASSAIT', '935687444', NULL, 'BELLAVISTA , 30', NULL, 'dorada@intercom.es', NULL, '$2y$10$IdvgYMBuqycgwnaGpwhq8uItd7JO6uc3KZ9BQCLQuFr2nw8OXdftC', NULL, '2021-01-05', '2021-01-05', '10:47:11'),
(60, 'default.png', 11, NULL, 'sin_facturar', 'activo', 2, NULL, NULL, 'MIREIA', 'SÁNCHEZ GÓMEZ', '936658711', NULL, 'NOU , 7, 2N.', '645874112', 'elisa@altecom.es', NULL, '$2y$10$cwK62ee/hwx0jKn8E6Ug6OsgaAN1BnpVCCC46IgPuXh.jSOF.sJz2', NULL, '2021-01-05', '2021-01-05', '10:47:11'),
(61, 'default.png', 11, 3, 'sin_facturar', 'activo', 3, NULL, NULL, 'GEMMA', 'ALAVEDRA SUNYÉ', '938773941', NULL, 'MANELIC , 1', '632125482', 'encarna@hotmail.com', NULL, '$2y$10$7otZ1RoZJBOaOt1LoUTHfO2n4fXvAaSp38.KhAmBfS.zo1.0o6Cqq', NULL, '2021-01-05', '2021-01-05', '10:47:11'),
(62, 'default.png', 11, 4, 'sin_facturar', 'activo', 4, NULL, NULL, 'MARIA ISABEL', 'ALIGUÉ BONVEHÍ', '938305295', NULL, 'DE LA PESCA , 1, 1R., 1A.', NULL, 'entesa@altecom.es', NULL, '$2y$10$Se4kDDeGjr1dYCufsqJ5felc5xnpfSruILgi7GVJK4rSPTjmmjRmm', NULL, '2021-01-05', '2021-01-05', '10:47:12'),
(63, 'default.png', 11, 5, 'sin_facturar', 'activo', 5, NULL, NULL, 'TONI', 'MAS FRANCH', '936524446', NULL, 'PIRINEUS , 34', '621445221', NULL, NULL, '$2y$10$kF17FMahOtkWMqnyPEy17eU8e0GU63jwfxExCiS7mEhniD4wY03gy', NULL, '2021-01-05', '2021-01-05', '10:47:12'),
(64, 'default.png', 11, 6, 'sin_facturar', 'activo', 2, NULL, NULL, 'ALEJANDRO', 'ALOY COMPTE', '938305551', NULL, 'PROL. JACINT VERDAGUER , 1, 2N., 2A.', NULL, NULL, NULL, '$2y$10$Rw6khRQODQaMA01.1GkIoOgvBIZ/yzLCcud70EidKQfeiF48Ra0Q2', NULL, '2021-01-05', '2021-01-05', '10:47:12'),
(65, 'default.png', 11, 7, 'sin_facturar', 'activo', 3, NULL, NULL, 'JOAN MARTÍ', 'ASENSIO VEGA', '938206097', NULL, 'MALLORCA , 11', NULL, 'et@altecom.es', NULL, '$2y$10$xtyeKpF1eliemRCwcx0e4.Ag95Inhgv6WfEn6sZqo55wDD08WZRMy', NULL, '2021-01-05', '2021-01-05', '10:47:13'),
(66, 'default.png', 11, 1, 'sin_facturar', 'activo', 4, NULL, NULL, 'INGRID', 'BIDAULT PÉREZ', '934500644', NULL, 'SANT BENET , 12, 2N.', NULL, NULL, NULL, '$2y$10$OR/ftcDUTsxUhAiOaG9R6OzvCQ/0PEp27UNhc3o7QI7Sz2CAO3Efm', NULL, '2021-01-05', '2021-01-05', '10:47:13'),
(67, 'default.png', 11, NULL, 'sin_facturar', 'activo', 5, NULL, NULL, 'OLIVER', 'ALOY CODINACHS', '938305594', NULL, 'PROL. PADRÓ , 1, 2N., 2A.', NULL, NULL, NULL, '$2y$10$Q1laApd78P1Tv.4cyocM1OStTQhP4q575gqqLjB1ywMrEfqXjUG8y', NULL, '2021-01-05', '2021-01-05', '10:47:13'),
(68, 'default.png', 11, 3, 'sin_facturar', 'activo', 2, NULL, NULL, 'SANDRA', 'ALTIMIRAS ARMENTEROS', '938300422', NULL, 'ARTÈS , 1, 2N., 2A.', NULL, 'experta@wandoo.es', NULL, '$2y$10$WFRMoopoANmhTu3zOPxuO.ZtsKn.iO/r/QgY742jI9j300DVviFPa', NULL, '2021-01-05', '2021-01-05', '10:47:14'),
(69, 'default.png', 11, 4, 'sin_facturar', 'activo', 3, NULL, NULL, 'JORDI', 'BELMONTE SÁNCHEZ', '938350511', NULL, 'JOAN XXIII , 12, 1R, 2A.', '621455662', 'f5@wandoo.es', NULL, '$2y$10$Q1Esci53ILckCccBh./jDe8EPAMwm9u5IFu0bek4afWXl1llKfiNe', NULL, '2021-01-05', '2021-01-05', '10:47:14'),
(70, 'default.png', 11, 5, 'sin_facturar', 'activo', 4, NULL, NULL, 'MARC', 'BAJONA GARCIA', '938727589', NULL, 'BERTRAND I SERRA , 11, 3R.', NULL, NULL, NULL, '$2y$10$vjiikJyNtPpcNEYgTeFWjOiiog5Bsc7v7qvJvoeiwGsvX97SvghoS', NULL, '2021-01-05', '2021-01-05', '10:47:14'),
(71, 'default.png', 11, 6, 'sin_facturar', 'activo', 5, NULL, NULL, 'JORDINA', 'AGUILAR RODRIGUEZ', '938208488', NULL, 'LA SARDANA , 1', NULL, NULL, NULL, '$2y$10$zr58U2a/PDzmThLqrGDLhuE9jS6MisPkomPlxZS4NOcA3jDrmwdAC', NULL, '2021-01-05', '2021-01-05', '10:47:15'),
(72, 'default.png', 11, 7, 'sin_facturar', 'activo', 2, NULL, NULL, 'MARIA JOSÉ', 'BARRIGA SOTO', '938320587', NULL, 'GALILEU , 12', NULL, 'fina@hotmail.com', NULL, '$2y$10$hnKCNIZ96wKKvi3HkocnVeZgInljHA5CqDVMLW0TrfwfrIEHPo9d.', NULL, '2021-01-05', '2021-01-05', '10:47:15'),
(73, 'default.png', 11, 1, 'sin_facturar', 'activo', 3, NULL, NULL, 'RAQUEL', 'AVILA MASJUAN', '938203095', NULL, 'SANT VALENTÍ , 11', '658954422', 'fuego@altecom.es', NULL, '$2y$10$9pwOyC9VHzR6ixlH5m8TcuH1GAZ1W/alitIVhdhh9niG2HukLIV2u', NULL, '2021-01-05', '2021-01-05', '10:47:15'),
(74, 'default.png', 11, NULL, 'sin_facturar', 'activo', 4, NULL, NULL, 'ENRIC', 'PARRAMON FLORES', '934555455', NULL, 'JOAN XXIII , 43', NULL, NULL, NULL, '$2y$10$IvGbmHFoIj3NTzdS0Dtx9ufK1X84Cp9E/WFom7xpAEkU89wffsWWS', NULL, '2021-01-05', '2021-01-05', '10:47:16'),
(75, 'default.png', 11, 3, 'sin_facturar', 'activo', 5, NULL, NULL, 'MARTA', 'AGUILAR RAMOS', '938208502', NULL, 'DE LA PAU , 1', NULL, 'garota@hotmail.com', NULL, '$2y$10$8z7qxcQbN8kn4jIlpSVUEuiUc6iBRTYieZi5wUYJTFEnH4d8eyIye', NULL, '2021-01-05', '2021-01-05', '10:47:16'),
(76, 'default.png', 11, 4, 'sin_facturar', 'activo', 2, NULL, NULL, 'CARLA', 'AYALA ALSINA', '938205245', NULL, 'SANT ANTONI MARIA CLARET , 11', NULL, NULL, NULL, '$2y$10$XOv.HlkWCqlL6.iB0NnEw.hoToKehQvuOla1Zdfn3w4XmcZ7ubX.y', NULL, '2021-01-05', '2021-01-05', '10:47:16'),
(77, 'default.png', 11, 5, 'sin_facturar', 'activo', 3, NULL, NULL, 'MARIA NOELIA', 'ALVAREZ TROYANO', '938300374', NULL, 'AVINGUDA TRES , 1, 3R., 1A.', NULL, 'gateta@cataloniamail.com', NULL, '$2y$10$CxcvBE016/hxMoml0464CuSQu.zQf0UnKiimmDuhTGcsP6iKXmQ52', NULL, '2021-01-05', '2021-01-05', '10:47:17'),
(78, 'default.png', 11, 6, 'sin_facturar', 'activo', 4, NULL, NULL, 'CRISTINA', 'ALINS GONZÁLEZ', '938305576', NULL, 'PROL. PADRÓ , 1, 2N., 1A.', '652148555', NULL, NULL, '$2y$10$pPk00g5rdz26LfuMumgVruOKygj0pyDtSOotbxogWRzp6qzT22W8q', NULL, '2021-01-05', '2021-01-05', '10:47:17'),
(79, 'default.png', 11, 7, 'sin_facturar', 'activo', 5, NULL, NULL, 'CARLOS', 'ACUÑA TORT', '938208614', NULL, 'SANT JOAN , 0, C, 3R. A', NULL, 'groucho@intercom.es', NULL, '$2y$10$9RmwjTIwqefXZGJaKYU.dOtT288bvQxGRM8md26H9HCgtXVFH3gV.', NULL, '2021-01-05', '2021-01-05', '10:47:17'),
(80, 'default.png', 11, 1, 'sin_facturar', 'activo', 2, NULL, NULL, 'DAVID', 'ALGUÉ TRANCHO', '938770077', NULL, 'PROL. JACINT VERDAGUER , 1, 1R., 1A.', NULL, 'harpo@hotmail.com', NULL, '$2y$10$11hgNVzXLU3gLk0c7DNIHe7jfORXCEaE4IMjIdvsybpYCKHDCw3T2', NULL, '2021-01-05', '2021-01-05', '10:47:18'),
(81, 'default.png', 11, NULL, 'sin_facturar', 'activo', 3, NULL, NULL, 'CRISTIAN', 'BADIA CASTILLO', '938200713', NULL, 'JOAN XXIII , 11, 1R., 1A.', NULL, 'hispa@cataloniamail.com', NULL, '$2y$10$LrKc81TD0bedUd5MrjvLjOdj56ttuoLkzu3uDkupPsRZY62/ZO5q6', NULL, '2021-01-05', '2021-01-05', '10:47:18'),
(82, 'default.png', 11, 3, 'sin_facturar', 'activo', 4, NULL, NULL, 'JULIO ALBERTO', 'BENITEZ FLORES', '938270685', NULL, 'LLUÍS CASTELLS , 12, 1R.', '625477881', NULL, NULL, '$2y$10$2/kUTaZWOssMkt2Ot3DL3.UGt03fmWctxLvc/d1ia/jP9rf2fMrfe', NULL, '2021-01-05', '2021-01-05', '10:47:18'),
(83, 'default.png', 11, 4, 'sin_facturar', 'activo', 5, NULL, NULL, 'SERGI', 'TORRUELLA GARCIA', '936021048', NULL, 'PADRÓ , 83', NULL, 'huevo@terra.es', NULL, '$2y$10$EcFIze8EqZ9Mwdy6SEX.6OWVlmS6wnBkvFLY6mBJfePsSAGhWIWUG', NULL, '2021-01-05', '2021-01-05', '10:47:19'),
(84, 'default.png', 11, 5, 'sin_facturar', 'activo', 2, NULL, NULL, 'ALEIX', 'ALBERICH RODRIGUEZ', '938773933', NULL, 'SANT ISCLE , 1', '648555552', 'james dean@intercom.es', NULL, '$2y$10$i2857L.e8oa.7/0mZnrk6ekX4ShCKUiLh9b3bubVvxVCPc9wXC0wO', NULL, '2021-01-05', '2021-01-05', '10:47:19'),
(85, 'default.png', 11, 6, 'sin_facturar', 'activo', 3, NULL, NULL, 'VERÒNICA', 'ARMENCOT PUIG', '938206766', NULL, 'MONTSERRAT , 10', '690254111', 'jéssica@hotmail.com', NULL, '$2y$10$htdJAiQgtEHIaB9TLFDI9.xGidJ7MsVzUgywUokK9KoqlpdY/Fgke', NULL, '2021-01-05', '2021-01-05', '10:47:19'),
(86, 'default.png', 11, 7, 'sin_facturar', 'activo', 4, NULL, NULL, 'MARIONA', 'ALIGUÉ RIVERA', '938305223', NULL, 'PROL. JACINT VERDAGUER , 1, 1R., 2A.', NULL, NULL, NULL, '$2y$10$w1TIh.WXhohqdW7SMvIoy.CR8JREdSadui8eMNJ.xsNBMxop.WLtu', NULL, '2021-01-05', '2021-01-05', '10:47:20'),
(87, 'default.png', 11, 1, 'sin_facturar', 'activo', 5, NULL, NULL, 'MARC', 'BARRIGA RIU', '938325565', NULL, 'TRABUCAIRES , 12', NULL, NULL, NULL, '$2y$10$31MESwj5O.P0Yqj75wl3WekRtTyzoL8UZlw50SbCmyzJdh/ILw/nC', NULL, '2021-01-05', '2021-01-05', '10:47:20'),
(88, 'default.png', 11, NULL, 'sin_facturar', 'activo', 2, NULL, NULL, 'GEMMA', 'PORTELLA GISPETS', '936565448', NULL, 'JACINT VERDAGUER , 49, 4T., 2A.', '632587441', NULL, NULL, '$2y$10$6p03OS4xwgTKvhcLEIP..u5a7vq2x/PV6wTsj3X7X22anQfOc0Phu', NULL, '2021-01-05', '2021-01-05', '10:47:20'),
(89, 'default.png', 11, 3, 'sin_facturar', 'activo', 3, NULL, NULL, 'RICARD', 'AGUILERA BAENA', '938208360', NULL, 'MANELIC , 1', NULL, NULL, NULL, '$2y$10$d4eDnQC7xN9zAz/tjXVM1euVGAdIOwmf.jtSoKJ88Sxt7j37D3Ohu', NULL, '2021-01-05', '2021-01-05', '10:47:21'),
(90, 'default.png', 11, 4, 'sin_facturar', 'activo', 4, NULL, NULL, 'JUAN', 'RODRIGUEZ GARCÍA', '936549889', NULL, 'VERGE DE FÀTIMA , 6, BX., 2A.', '602412052', 'llus@hotmail.com', NULL, '$2y$10$Ij3A2CmCMzIyHyNRPEV.BeyDOiYHX3nsJIYv1Q2toaGT/MYJz8TsO', NULL, '2021-01-05', '2021-01-05', '10:47:21'),
(91, 'default.png', 11, 5, 'sin_facturar', 'activo', 5, NULL, NULL, 'MARTA', 'AGUILAR SUNYÉ', '938208677', NULL, 'SANT JOAN , 0, D, 3R. A', NULL, NULL, NULL, '$2y$10$KKvh3CloLIUBVTJfZL.IMu8pH/o3.WZtNHziJRoR5ga8Uybb2TCxC', NULL, '2021-01-05', '2021-01-05', '10:47:21'),
(92, 'default.png', 11, 6, 'sin_facturar', 'activo', 2, NULL, NULL, 'NATÀLIA', 'BARRIGA TARDÀ', '938325558', NULL, 'GALILEU , 12', NULL, 'madonna@wandoo.es', NULL, '$2y$10$QqbhGg/LMKdPv1X2Y3kpSe8oOvfH6Tk2NVURcQGz1/QpmIbAvtlnC', NULL, '2021-01-05', '2021-01-05', '10:47:21'),
(93, 'default.png', 11, 7, 'sin_facturar', 'activo', 3, NULL, NULL, 'MARTA', 'BARCONS LARA', '938360281', NULL, 'ESPORTS , 12', NULL, 'mata hari@intercom.es', NULL, '$2y$10$MvZ53aHNP1YQkvtRFUG7RedVysCftBYZkFD7US4cdzY2CrahIs1RK', NULL, '2021-01-05', '2021-01-05', '10:47:22'),
(94, 'default.png', 11, 1, 'sin_facturar', 'activo', 4, NULL, NULL, 'LAURA', 'AGUILERA TATJÉ', '938208380', NULL, 'JOSEP BOIXADERAS , 1', '625411014', 'melanie@minorisa.es', NULL, '$2y$10$MRYHR9V0fGA7EgfdS2wJ1eFjMrPg0YRnBowMOCNOlLCO.27eEIh5K', NULL, '2021-01-05', '2021-01-05', '10:47:22'),
(95, 'default.png', 11, NULL, 'sin_facturar', 'activo', 5, NULL, NULL, 'JOAN', 'ALEU PRAT', '938770878', NULL, 'CERVANTES , 1, 1R.', NULL, 'melquíades@hotmail.com', NULL, '$2y$10$akaVNUw5gk/qM4ze4VAYbO.eHNeJm8CoN7xSqRXMWM20Tp2C312/q', NULL, '2021-01-05', '2021-01-05', '10:47:22'),
(96, 'default.png', 11, 3, 'sin_facturar', 'activo', 2, NULL, NULL, 'ALEXIA', 'VALLÉS GIRVENT', '936874511', NULL, 'CERVANTES , 9, 1R.', '654822414', 'merche@terra.es', NULL, '$2y$10$iGETNtjDyet2OCkvBVaNoOPqcRnS1tJ3k1PhjkviL/xwHrhl2jpHe', NULL, '2021-01-05', '2021-01-05', '10:47:23'),
(97, 'default.png', 11, 4, 'sin_facturar', 'activo', 3, NULL, NULL, 'FERRAN', 'MOLINA GARRIDO', '936548745', NULL, 'JOAN XXIII , 39', '698774444', 'midas@cataloniamail.com', NULL, '$2y$10$7gr5sipMl0zXG5j28prgbO.SoMzSesfJj5QTAu/94sZ0zNSRLt3VG', NULL, '2021-01-05', '2021-01-05', '10:47:23'),
(98, 'default.png', 11, 5, 'sin_facturar', 'activo', 4, NULL, NULL, 'CRISTINA', 'ARISSA HERMOSO', '938755512', NULL, 'DOCTOR BARNARD , 10', '602111254', 'mona lisa@minorisa.es', NULL, '$2y$10$fn6QyJO6Tu0xmH5M27sQU.WiE/be1LXU4N5DzW2.IdHD//W.bbKyG', NULL, '2021-01-05', '2021-01-05', '10:47:23'),
(99, 'default.png', 11, 6, 'sin_facturar', 'activo', 5, NULL, NULL, 'JOSÉ ANTONIO', 'BARALDÉS PARDO', '938722096', NULL, 'ESPORTS , 12', NULL, 'moro@minorisa.es', NULL, '$2y$10$PUPtHXGDHq1rwuZT7863lewKcKkqIfOO7Au4JHszLNwfqANf0TRfi', NULL, '2021-01-05', '2021-01-05', '10:47:24'),
(100, 'default.png', 11, 7, 'sin_facturar', 'activo', 2, NULL, NULL, 'JORDI', 'SUAREZ GARZÓN', '934512544', NULL, 'DE LA PAU , 8', NULL, 'mozart@wandoo.es', NULL, '$2y$10$.mXRzg6CGANxx/Bk7wZoleXGOwZ8uQ6FVkLbGQyxLw0uUN3LQISIO', NULL, '2021-01-05', '2021-01-05', '10:47:24'),
(101, 'default.png', 11, 1, 'sin_facturar', 'activo', 3, NULL, NULL, 'BEGONYA', 'ARPA MORENO', '938205011', NULL, 'SANT VALENTÍ , 11', NULL, NULL, NULL, '$2y$10$tL3EAif5NTy4SewBmeRLkOrlA3Av0RA02.CWkXQ1VlGOj9/N7C1b6', NULL, '2021-01-05', '2021-01-05', '10:47:24'),
(102, 'default.png', 11, NULL, 'sin_facturar', 'activo', 4, NULL, NULL, 'INGRID', 'ALOY FARRANDO', '938300864', NULL, 'PROL. PADRÓ , 1, 2N., 2A.', NULL, NULL, NULL, '$2y$10$a7ugjQ3vvIF74bGjmcBPCuMjO.jKOP.mgTrQ0xZodWsWuGt0KMUOO', NULL, '2021-01-05', '2021-01-05', '10:47:25'),
(103, 'default.png', 11, 3, 'sin_facturar', 'activo', 5, NULL, NULL, 'MIQUEL', 'LUQUE GARRIGASAIT', '933256844', NULL, 'VIC , 30 (TORROELLA)', '625401445', 'napoleon@cidet.com', NULL, '$2y$10$rUXTfPcxy.pcTkzInM14auzYa7K2l7BYfkdlh8jQYGBk40468jj/6', NULL, '2021-01-05', '2021-01-05', '10:47:25'),
(104, 'default.png', 11, 4, 'sin_facturar', 'activo', 2, NULL, NULL, 'AGUSTÍ', 'RIDÓ GÓMEZ', '936528779', NULL, 'SANT ISCLE , 6', NULL, 'orondo@altecom.es', NULL, '$2y$10$1ConKtK6LcK1Axg6TAvK9OIyfOKAyXFxkrw.J4QEig09QAZUPBI/.', NULL, '2021-01-05', '2021-01-05', '10:47:25'),
(105, 'default.png', 11, 5, 'sin_facturar', 'activo', 3, NULL, NULL, 'ANTONI', 'SANTAMARIA FLOTATS', '931021886', NULL, 'JAUME BALMES , 70, 3R, 1A.', NULL, 'papagayo@altecom.es', NULL, '$2y$10$dSjoQeN9t4TNHqQb7tXsveJjs0iM7hTnAu5fhmfJWacV55qucHvh.', NULL, '2021-01-05', '2021-01-05', '10:47:26'),
(106, 'default.png', 11, 6, 'sin_facturar', 'activo', 4, NULL, NULL, 'JOAN', 'HERMS GÓMEZ', '936201457', NULL, 'GERMAN DURAN , 27, 3R., 1A.', '658955442', NULL, NULL, '$2y$10$SO.2bDIUHYHqeVqOOHLhp.l4bSZZRa66XZpjaWPPtpzQUOoWWkMP2', NULL, '2021-01-05', '2021-01-05', '10:47:26'),
(107, 'default.png', 11, 7, 'sin_facturar', 'activo', 5, NULL, NULL, 'MÒNICA', 'ARTIGAS MATURANO', '938207515', NULL, 'SANT JOAN , 11', NULL, 'pasión@altecom.es', NULL, '$2y$10$f45XU3nI7jIjY8oqpzyjiuV3I4qd6H/C6ymKX0DF9bYunhqJ.LyQS', NULL, '2021-01-05', '2021-01-05', '10:47:26'),
(108, 'default.png', 11, 1, 'sin_facturar', 'activo', 2, NULL, NULL, 'GERARD', 'AGUILAR MASANA', '938208558', NULL, 'PUIG , 1', NULL, NULL, NULL, '$2y$10$CZMM1AIURQbYlLcTxYKRW.YBcMeyOpD33haEFDKbgyKDw3rthtw8K', NULL, '2021-01-05', '2021-01-05', '10:47:27'),
(109, 'default.png', 11, NULL, 'sin_facturar', 'activo', 3, NULL, NULL, 'GEMMA', 'ALTIMIRAS SERAROLS', '938300496', NULL, 'PROL. JACINT VERDAGUER , 1, 2N., 2A.', NULL, 'pelusa@hotmail.com', NULL, '$2y$10$ZxiqOVuXYjAy0rLT2DVOsukr8ncqlKsJJDwRex.G0vkms9fSzWgLW', NULL, '2021-01-05', '2021-01-05', '10:47:27'),
(110, 'default.png', 11, 3, 'sin_facturar', 'activo', 4, NULL, NULL, 'MARIA', 'TORRESCASANA GARCIA', '930120545', NULL, 'RAMON I CAJAL , 81, 2N.', '625458445', 'perla@cataloniamail.com', NULL, '$2y$10$KdVNx0vrB22Qb34suDtAkub679tAc8IHKMv9Y9X/uuig.zQu2kRMi', NULL, '2021-01-05', '2021-01-05', '10:47:27'),
(111, 'default.png', 11, 4, 'sin_facturar', 'activo', 5, NULL, NULL, 'ORIOL', 'ARIZA PUIGBÓ', '938207095', NULL, 'MORAGUES , 10', NULL, NULL, NULL, '$2y$10$KDUq1vSG3rySKX1UqbmqUu9.L2dVMJYhbo32XX3QeZ2BfXIKangke', NULL, '2021-01-05', '2021-01-05', '10:47:28'),
(112, 'default.png', 11, 5, 'sin_facturar', 'activo', 2, NULL, NULL, 'VIRGINIA', 'ALVAREZ ARMENTEROS', '938300214', NULL, 'PROL. PADRÓ , 1, 3R., 2A.', NULL, NULL, NULL, '$2y$10$W2ahUwCIcC4s4aGEAm47buhS8UnmUXLEEupI3XgwYpGxQzCsOdVCC', NULL, '2021-01-05', '2021-01-05', '10:47:28'),
(113, 'default.png', 11, 6, 'sin_facturar', 'activo', 3, NULL, NULL, 'DAMIÀ', 'BARALDÉS TARRAGÓ', '938727244', NULL, 'FRANCESC DE VITÒRIA , 11, 4T 2A', '625410101', 'psicosis@intercom.es', NULL, '$2y$10$xDl8F7rdiTVB2zI4SGA4vO2ctMDFtwj1CouH.6sYjSmUQRRpDzu2i', NULL, '2021-01-05', '2021-01-05', '10:47:28'),
(114, 'default.png', 11, 7, 'sin_facturar', 'activo', 4, NULL, NULL, 'VALENTÍ', 'GARCIA GARCÍA', '936565874', NULL, 'ALBÉNIZ , 22, 2N.', NULL, NULL, NULL, '$2y$10$MaO7AZx1hgNwxt16GOOBQ.yHWsaXtbKBM4CjhE6tFKZWEJXZ6kuf6', NULL, '2021-01-05', '2021-01-05', '10:47:28'),
(115, 'default.png', 11, 1, 'sin_facturar', 'activo', 5, NULL, NULL, 'AINA', 'AROCA GÓMEZ', '938205782', NULL, 'TRES ROURES , 10, 4T 2A', '632514125', 'rebeca@cataloniamail.com', NULL, '$2y$10$/YtXAOSP4f8cqpdru9KG..IpUUzxRYbipA8OQ9RD8VQD29ycx.wNm', NULL, '2021-01-05', '2021-01-05', '10:47:29'),
(116, 'default.png', 11, 3, 'sin_facturar', 'activo', 3, NULL, NULL, 'GERARD', 'CANO GÓMEZ', '936577225', NULL, 'ALBÉNIZ , 13, 2N., 1A.', NULL, NULL, NULL, '$2y$10$bpR7034EoJxgbIx245i03.kODDvKwwLDJl1/eSuODqXVtxx2O3kU.', NULL, '2021-01-05', '2021-01-05', '10:47:29'),
(117, 'default.png', 11, 4, 'sin_facturar', 'activo', 4, NULL, NULL, 'MARTA', 'ALCAIDE MOLINA', '938773647', NULL, 'FONT DEL GAT , 1', '632544145', NULL, NULL, '$2y$10$ShSC39hMLtBQ3OpfURi6Fe8UzooWNe/Kllv8R5OHSBfMvK32O5fYm', NULL, '2021-01-05', '2021-01-05', '10:47:29'),
(118, 'default.png', 11, 5, 'sin_facturar', 'activo', 5, NULL, NULL, 'MIREIA', 'AGUILERA PRAT', '938208054', NULL, 'MONTCAU , 1', NULL, 'rene@intercom.es', NULL, '$2y$10$iPHCZixV4Ex.YXRNUNZEGOYhX.xc/wpct/Tu8taYRdPyNMWARLozW', NULL, '2021-01-05', '2021-01-05', '10:47:30'),
(119, 'default.png', 11, 7, 'sin_facturar', 'activo', 3, NULL, NULL, 'ANNA', 'RIVERO FLORIDO', '930712563', NULL, 'VILATORRADA , 6', '654112144', 'rica@terra.es', NULL, '$2y$10$BZEUqpx0Zr6mAAJ9TZZI4.pw.2UGDh3.ReM6q5Dw./5TZO8T85nqK', NULL, '2021-01-05', '2021-01-05', '10:47:30'),
(120, 'default.png', 11, 1, 'sin_facturar', 'activo', 4, NULL, NULL, 'ALBA', 'AVILA MASJUAN', '938204078', NULL, 'JAUME GALOBART , 11', NULL, 'rockera@terra.es', NULL, '$2y$10$xhTfEDMFTFzx.44HVWYwwOCkO0GzTbBiJ41n4JH1ebLvUlDM9bZKy', NULL, '2021-01-05', '2021-01-05', '10:47:30'),
(121, 'default.png', 11, NULL, 'sin_facturar', 'activo', 5, NULL, NULL, 'SANDRA', 'GRANADOS ANDRÉS', '936871045', NULL, 'SANT GENÍS , 25', NULL, NULL, NULL, '$2y$10$6vDtHvy/V53RNLNMdg9IHeQrPf7mwALP2LaB3FuaCNtmBCUiJNX.G', NULL, '2021-01-05', '2021-01-05', '10:47:31'),
(122, 'default.png', 11, 3, 'sin_facturar', 'activo', 2, NULL, NULL, 'ERIC', 'FERRER GASSET', '938745211', NULL, 'VERGE DE FÀTIMA , 2, 3R., 1A.', NULL, 'roman@wandoo.es', NULL, '$2y$10$dqlYbF.tOS7B0/XSCs8A8OBM7IDLZnSzdUswVLzVGBVexVbHlUUYG', NULL, '2021-01-05', '2021-01-05', '10:47:31'),
(123, 'default.png', 11, 4, 'sin_facturar', 'activo', 3, NULL, NULL, 'LLUÍS', 'AMIGO MODREGO', '938300065', NULL, 'JAUME I , 10', '654401401', NULL, NULL, '$2y$10$BvZ4xslX3vyO8AkYgQxZreSAGJqAbALaQ5eLIIy.WaatwN.JzINQq', NULL, '2021-01-05', '2021-01-05', '10:47:31'),
(124, 'default.png', 11, 5, 'sin_facturar', 'activo', 4, NULL, NULL, 'CRISTIAN', 'ABDIN TATJÈ', '938208674', NULL, 'SANT JOAN , 0, C, 1R., B', NULL, 'romeo@intercom.es', NULL, '$2y$10$ZAaWuvC0com.6ayY6x1uxuo8dP5SvNF7bbBcmK5wbbAbqWclV8Ixi', NULL, '2021-01-05', '2021-01-05', '10:47:32'),
(125, 'default.png', 11, 6, 'sin_facturar', 'activo', 5, NULL, NULL, 'GUILLEM', 'CANELLAS GOMEZ', '930214054', NULL, 'JACINT VERDAGUER , 13', NULL, NULL, NULL, '$2y$10$zh1beHi3AHLvAdWiNJ/T3.WrC4FLAudnkb8BrQt6.VpXedsuzclYC', NULL, '2021-01-05', '2021-01-05', '10:47:32'),
(126, 'default.png', 11, 7, 'sin_facturar', 'activo', 2, NULL, NULL, 'DIMAS', 'HIDALGO ALTIMIRAS', '936521404', NULL, 'SANT BENET , 28, 2N., 2A.', '602120214', 'ronc@cataloniamail.com', NULL, '$2y$10$9e/TRltSBidJt3jLq4LXGeb94PkaOmEOqtqkuvBjFs0uPsYdGO57y', NULL, '2021-01-05', '2021-01-05', '10:47:32'),
(127, 'default.png', 11, 1, 'sin_facturar', 'activo', 3, NULL, NULL, 'ANA INÉS', 'BASTARDAS FRANCH', '938350593', NULL, 'FONERIA , 12', NULL, 'sabrosa@hotmail.com', NULL, '$2y$10$bU2rxW4SMSYDX7T6OnG8GOTAhOOq9J2zRCbu5nqbOqcaDuPCRDHVa', NULL, '2021-01-05', '2021-01-05', '10:47:33'),
(128, 'default.png', 11, NULL, 'sin_facturar', 'activo', 4, NULL, NULL, 'IVET', 'ABADIAS MASANA', '939962045', NULL, 'ALFONS XII , 9, 4T 1A', '622101451', 'salsa@cataloniamail.com', NULL, '$2y$10$ilnIvL1UJshEo5CKLVkSR.L5wLtO8qozra.U04oaxFCfRvRA1lGmO', NULL, '2021-01-05', '2021-01-05', '10:47:33'),
(129, 'default.png', 11, 3, 'sin_facturar', 'activo', 5, NULL, NULL, 'JÚLIA', 'AREVALO SANCHEZ', '938755603', NULL, 'JAUME I , 10', '654874412', NULL, NULL, '$2y$10$9mbOVTbWxciZrBmxOFcyC.0b1exnnxOuy4RCH11q0C93PM0yEHk92', NULL, '2021-01-05', '2021-01-05', '10:47:33'),
(130, 'default.png', 11, 4, 'sin_facturar', 'activo', 2, NULL, NULL, 'DANIEL', 'ALINS MULET', '938305524', NULL, 'DE LA PESCA , 1, 1R., 2A.', '610025001', NULL, NULL, '$2y$10$nAHzClkkmHGVCKi71ZnVMuOfnI9mx6ZKg2/m1oJHe3OznnIfbkNS6', NULL, '2021-01-05', '2021-01-05', '10:47:34'),
(131, 'default.png', 11, 5, 'sin_facturar', 'activo', 3, NULL, NULL, 'ABEL', 'GARCIA GONZÁLEZ', '936571974', NULL, 'PIRINEUS , 22', NULL, 'sincer@altecom.es', NULL, '$2y$10$A37QXDSn0RkhiSKTOauzpeGfStyyWbjdy5bp4hKWio69WvDZ0S3P.', NULL, '2021-01-05', '2021-01-05', '10:47:34'),
(132, 'default.png', 11, 6, 'sin_facturar', 'activo', 4, NULL, NULL, 'IRENE', 'ALVAREZ PARCERISA', '938300036', NULL, 'PROL. JACINT VERDAGUER , 1, 3R., 2A.', NULL, 'sincera@hotmail.com', NULL, '$2y$10$RpP/m9PVFMNSayYoiy40COKYMDGlbKYtrvxMVhIOUNeCgeS2dXVTe', NULL, '2021-01-05', '2021-01-05', '10:47:34'),
(133, 'default.png', 11, 7, 'sin_facturar', 'activo', 5, NULL, NULL, 'ADRIÀ', 'CASAS ANDRÉS', '936505455', NULL, 'JAUME GALOBART , 14', NULL, 'suau@hotmail.com', NULL, '$2y$10$WhLoalj7Ae7Ku60pU0q1mu2qHDwqOYv4MGXILsO/lBqo4BGMl92AC', NULL, '2021-01-05', '2021-01-05', '10:47:35'),
(134, 'default.png', 4, 1, 'sin_facturar', 'activo', 3, NULL, NULL, 'JAIRO', 'MORALES GESE', '936587454', '1987-01-01', 'SANT JOAN, EDIFICI D , 3R A', '600541125', 'superman@altecom.es', NULL, '$2y$10$XSMYUYT3okrX9IW4SjCjJu6IvGRHc5ZIkMWCrhmYHAlud4GJEo3rW', NULL, '2021-01-05', '2021-01-25', '10:47:35'),
(135, 'default.png', 11, NULL, 'sin_facturar', 'activo', 3, NULL, NULL, 'CRISTINA', 'BARALDÉS MARTORELL', '938725845', NULL, 'VIC , 119, 3R., 2A.', NULL, 'superwoman@wandoo.es', NULL, '$2y$10$oizgUbmtVV.QMNStnZcb8OU9jPS23rdDf0Uhhmpv78tjfYV3r5R4W', NULL, '2021-01-05', '2021-01-05', '10:47:35'),
(136, 'default.png', 11, 3, 'sin_facturar', 'activo', 4, NULL, NULL, 'DAVID', 'AROCA GÓMEZ', '938205730', NULL, 'CARLES BUÏGAS , 10, 1R., 1A.', NULL, 'tablon@hotmail.com', NULL, '$2y$10$MMw26aQIFHBPeemMg8Rdw.974Ii7TOE.kdY5y0ZfzITHDEGuzH692', NULL, '2021-01-05', '2021-01-05', '10:47:35'),
(137, 'default.png', 6, 4, 'sin_facturar', 'activo', 5, NULL, NULL, 'ADRIÀ', 'RUEDA ALVARES', '936828258', '2005-01-17', 'JAUME BALMES , 67, 2N.', NULL, 'jhonnova19@gmail.com', NULL, '$2y$10$ocUfEhxK2G3CU6j2TTWES.oX0ZMjLmOdliRxPLVuUFtxdjECOvnle', NULL, '2021-01-05', '2021-01-15', '10:47:36'),
(138, 'default.png', 11, 5, 'sin_facturar', 'activo', 2, NULL, NULL, 'LUCIA', 'ALVAREZ DOMENECH', '938300045', NULL, 'PROL. PADRÓ , 1, 3R., 2A.', NULL, 'teta@intercom.es', NULL, '$2y$10$iIWuThosYU/pP.MNHEQBEO0TKwl/xacJI.xFPdBGnfzpYI/dmH456', NULL, '2021-01-05', '2021-01-05', '10:47:36'),
(139, 'default.png', 1, 6, 'sin_facturar', 'activo', 3, NULL, NULL, 'CARLA', 'BOIX GONZÁLEZ', '936521452', NULL, 'DE LA CAÇA , 12, 2N., C', '624487554', 'tomasa@hotmail.com', NULL, '$2y$10$doWxKLZJqPVwBdtC5oOeBuBB8ieDBS6G8TD1PSUnu4Cz/ucZZsGxK', NULL, '2021-01-05', '2021-01-06', '10:47:36'),
(140, 'default.png', 11, 7, 'sin_facturar', 'activo', 4, NULL, NULL, 'ADRIÀ', 'BARALDÉS MONRÓS', '938725885', NULL, 'VIC , 119, 2N., 1A.', NULL, NULL, NULL, '$2y$10$I2DUjgYYcODr2wBs2EKXvec.r/.vHmPhbzmUKpcZogLYGf0y/vD6W', NULL, '2021-01-05', '2021-01-05', '10:47:37'),
(141, 'default.png', 3, 1, 'sin_facturar', 'activo', 5, NULL, NULL, 'MARTA', 'AGUILERA MERINO', '938208303', '1999-03-21', 'MORAGUES , 1', '621145584', 'tremenda@altecom.es', NULL, '$2y$10$EFBFJ5OEXfEJnJgdqcmknONYSfQHQfZ8hNmhu.SNapuYkezUHCgjS', NULL, '2021-01-06', '2021-01-06', '10:47:37'),
(142, 'default.png', 1, NULL, 'sin_facturar', 'activo', 2, NULL, NULL, 'MARC', 'BAREA D\'HAENE', '938360213', NULL, 'TRABUCAIRES , 12', NULL, 'tripa@intercom.es', NULL, '$2y$10$96fL3LP.o/2NyWSGqd8et.jO0eDuNaEJ042N/HsRFWgSk8B8UfK0i', NULL, '2021-01-05', '2021-01-05', '10:47:37'),
(143, 'default.png', 1, 3, 'sin_facturar', 'activo', 3, NULL, NULL, 'ALEX', 'BARROSO D\'HAENE', '938320537', NULL, 'FONERIA , 12', NULL, 'verruga@hotmail.com', NULL, '$2y$10$mw2rDyLOoxvyrlEdHGLEvunXD9.q16FRDTWu/KCZv/F7b4esth5C2', NULL, '2021-01-05', '2021-01-06', '10:47:38'),
(144, 'default.png', 11, NULL, 'sin_facturar', 'activo', 3, NULL, NULL, 'ALEX', 'BARROSO D\'HAENE', '938320537', NULL, 'FONERIA , 12', NULL, 'verruga@hotmail.com', NULL, '$2y$10$T6rLY1/WA82ucNgFT1FuPemx0u3xXYI2B0GXs5NYJZl4bdCi3e1Pe', NULL, '2021-01-06', '2021-01-06', '13:20:34'),
(145, 'default.png', 6, NULL, 'sin_facturar', 'activo', 2, NULL, NULL, 'felipe', 'romero', '1002893685', '1999-12-21', 'tunja', '3138288', 'feliperomero@gmail.com', NULL, '$2y$10$Eh/UYADuCMa8lzOE7KEB9OCtKlnIOlOJK6ajcRijCfSKPnv7tqxzK', NULL, '2021-01-15', '2021-01-24', '15:44:53'),
(146, 'default.png', 1, NULL, NULL, 'activo', 3, NULL, NULL, 'yimmy', 'Robles', '10496183173', NULL, 'tunja', '313825321321', 'yimbo10@gmail.com', NULL, '$2y$10$2xbTTcM7vymxZ34gGBPnWOIfG18xogEQjpnxPg3aeB29JwDzb.db.', NULL, '2021-01-24', '2021-01-24', '10:38:09'),
(147, 'default.png', 11, NULL, NULL, 'activo', 3, NULL, NULL, 'SADRA', 'LOPEZ', '1049618317', '2021-01-26', 'sdfds', '12321321', 'sandra@gmail.com', NULL, '$2y$10$2xbTTcM7vymxZ34gGBPnWOIfG18xogEQjpnxPg3aeB29JwDzb.db.', NULL, '2021-01-24', '2021-01-25', '11:00:50'),
(148, 'avatar.png', 6, NULL, NULL, 'activo', 3, NULL, NULL, 'duvab', 'perez', '10023416456', '1996-01-23', 'tunja', '31365464564', 'duvis@gmail.com', NULL, '$2y$10$DxeLcLJdPAW2TlENRFG0cORlGl7J8aljR5/3./afDkOdHDjo7cwmy', NULL, '2021-01-24', '2021-01-24', '11:29:04');
COMMIT;

/*!40101 SET CHARACTER_SET_CLIENT=@OLD_CHARACTER_SET_CLIENT */;
/*!40101 SET CHARACTER_SET_RESULTS=@OLD_CHARACTER_SET_RESULTS */;
/*!40101 SET COLLATION_CONNECTION=@OLD_COLLATION_CONNECTION */;
